Date,Store ,Product,Category,Qty,Unit Price,Revenue
01/01/2026,Riverside,Espresso,Coffee,10,$3.00,$30.00
01/01/2026,Riverside,Cold brew,Coffee,7,$4.75,$33.25
2026-01-01,University,Latte,Coffee,36,$4.50,$162.00
2026-01-01,University,Espresso ,Coffee,19,$3.00,$57.00
2026-01-01,Downtown,Cappuccino,,35,4.25,$148.75
2026-01-01,Downtown,Cold Brew,Coffee,14,$4.75,$66.50
2026-01-01,University, Cappuccino,Coffee,30,$4.25,$127.50
2026-01-01,University,Blueberry Muffin,Bakery,16,$2.95,$47.20
2026-01-01,Downtown,Latte,Coffee,53,$4.50,$238.50
01/01/2026,Riverside,Latte ,Coffee,23,$4.50,$103.50
2026-01-01,Downtown,Croissant,Bakery,26,$3.25,$84.50
2026-01-01,University,Croissant ,Bakery,26,$3.25,$84.50
01/01/2026,Riverside,Croissant,,12,3.25,$39.00
2026-01-01,University,Cold Brew,Coffee,19,$4.75,$90.25
2026-01-01,Downtown ,Espresso,Coffee,30,$3.00,$90.00
01/01/2026,River Side,Blueberry Muffin,Bakery,11,2.95,$32.45
01/01/2026,Riverside,Cappuccino,Coffee,17,$4.25,$72.25
2026-01-01,Downtown,Blueberry Muffin,Bakery,23,$2.95,$67.85
01/02/2026,Riverside,Blueberry Muffin,Bakery,13,$2.95,$38.35
2026-01-02,university,Cappuccino,Coffee,18,$4.25,$76.50
01/02/2026,Riverside,Croissant,Bakery,13,,$42.25
01/02/2026,Riverside ,Latte,Coffee,21,$4.50,$94.50
01/02/2026,Riverside,Cappuccino,Coffee,23,$4.25,$97.75
2026-01-02,Downtown,Cold Brew,Coffee,22,4.75,$104.50
2026-01-02,Downtown,Blueberry Muffin,Bakery,25,2.95,$73.75
01/02/2026,Riverside,Cold Brew,Coffee,4,4.75,$19.00
2026-01-02,University,Croissant,Bakery,23,$3.25,$74.75
2026-01-02, Downtown,Espresso,Coffee,28,$3.00,$84.00
01/02/2026,Riverside,Espresso,Coffee,15,$3.00,$45.00
2026-01-02,Downtown,Croissant,Bakery,,$3.25,
2026-01-02,University,Latte,Coffee,35,$4.50,$157.50
2026-01-02,University,Espresso,Coffee,23,$3.00,$69.00
2026-01-02,Downtown,Latte,Coffee,52,$4.50,$234.00
2026-01-02,Downtown,Cappuccino,Coffee,29,4.25,$123.25
2026-01-02,University,blueberry muffin,Bakery,18,$2.95,$53.10
01/02/2026,Riverside ,Latte,Coffee,21,$4.50,$94.50
2026-01-02,University,Cold Brew,Coffee,18,$4.75,$85.50
2026-01-03,University,blueberry muffin,Bakery,14,$2.95,$41.30
01/03/2026,Riverside,Cold Brew,Coffee,14,$4.75,$66.50
2026-01-03,university,Croissant,Bakery,19,$3.25,$61.75
2026-01-03, Downtown,Croissant,Bakery,28,$3.25,$91.00
2026-01-03,University,Cold Brew,Coffee,17,$4.75,$80.75
01/03/2026,Riverside,Cappuccino,Coffee,26,$4.25,$110.50
01/03/2026,Riverside,Espresso,,15,$3.00,$45.00
2026-01-03,Downtown,Latte,Coffee,64,$4.50,$288.00
2026-01-03,University,Espresso,Coffee,15,$3.00,$45.00
01/03/2026,Riverside,Croissant,Bakery,21,$3.25,$68.25
01/03/2026,Riverside,Latte,Coffee,26,$4.50,$117.00
01/03/2026,Riverside,Blueberry Muffin,Bakery,8,$2.95,$23.60
2026-01-03,University,Latte,Coffee,29,$4.50,$130.50
2026-01-03,Downtown,cappuccino,Coffee,43,4.25,$182.75
2026-01-03,Downtown,Cold Brew,Coffee,19,$4.75,$90.25
2026-01-03,Downtown,Espresso,Coffee,34,$3.00,$102.00
2026-01-03,University, Cappuccino,Coffee,29,4.25,$123.25
2026-01-03,Downtown,Blueberry Muffin,Bakery,25,$2.95,$73.75
01/04/2026,Riverside,Croissant,Bakery,21,$3.25,$68.25
2026-01-04,University ,Latte,Coffee,42,$4.50,$189.00
2026-01-04,Downtown,Cold Brew,Coffee,27,4.75,$128.25
2026-01-04,Downtown,Croissant,Bakery,50,$3.25,$162.50
01/04/2026,Riverside,Blueberry Muffin,Bakery,12,$2.95,$35.40
2026-01-04,University,Blueberry Muffin,Bakery,10,$2.95,$29.50
2026-01-04,Downtown,Blueberry Muffin,Bakery,31,$2.95,$91.45
2026-01-04,Downtown,Espresso,Coffee,29,$3.00,$87.00
01/04/2026,Riverside,Cold Brew,Coffee,11,$4.75,$52.25
2026-01-04,University,Espresso,Coffee,17,3.0,$51.00
01/04/2026,Riverside,Espresso,Coffee,12,$3.00,$36.00
2026-01-04,University,Cappuccino,Coffee,21,$4.25,$89.25
01/04/2026,riverside,Cappuccino,Coffee,25,$4.25,$106.25
2026-01-04,University,Croissant,Bakery,19,$3.25,$61.75
2026-01-04,Downtown,Cappuccino,Coffee,40,$4.25,$170.00
2026-01-04,Downtown,Latte,Coffee,45,$4.50,$202.50
01/04/2026,Riverside,Latte,Coffee,28,$4.50,$126.00
2026-01-04,University,Cold Brew,Coffee,12,$4.75,
01/05/2026,Riverside, Cappuccino,Coffee,14,$4.25,$59.50
2026-01-05,Downtown,Espresso,Coffee,20,$3.00,$60.00
2026-01-05,Downtown,Cold Brew,Coffee,24,4.75,$114.00
01/05/2026,Riverside,Latte,,29,$4.50,$130.50
2026-01-05,University,Cappuccino,Coffee,26,4.25,$110.50
01/05/2026,Riverside,Croissant,Bakery,11,$3.25,$35.75
01/05/2026,Riverside ,Espresso,Coffee,9,$3.00,$27.00
01/05/2026,Riverside,Cold Brew,Coffee,14,$4.75,$66.50
01/05/2026,Riverside,Blueberry Muffin,,18,2.95,$53.10
2026-01-05,Downtown,Blueberry Muffin,Bakery,25,$2.95,$73.75
2026-01-05,Downtown,Croissant,Bakery,26,$3.25,$84.50
2026-01-05,University,Latte,Coffee,28,$4.50,$126.00
2026-01-05,University,Cold Brew,,12,$4.75,$57.00
2026-01-05,University,Blueberry Muffin,Bakery,11,$2.95,$32.45
2026-01-05,Downtown,Cappuccino,Coffee,310,4.25,"$1,317.50"
2026-01-05,University,croissant,Bakery,22,$3.25,$71.50
2026-01-05,University,Espresso,Coffee,29,$3.00,$87.00
2026-01-05,DOWNTOWN,Latte,Coffee,55,$4.50,$247.50
01/06/2026,Riverside,Cappuccino,Coffee,10,$4.25,$42.50
01/06/2026,Riverside,Blueberry Muffin,Bakery,10,$2.95,$29.50
2026-01-06,University,Cappuccino,Coffee,26,$4.25,$110.50
2026-01-06,Downtown,Blueberry Muffin,Bakery,21,$2.95,$61.95
01/06/2026,Riverside,Croissant,Bakery,,$3.25,
2026-01-06,University,Blueberry Muffin,Bakery,16,$2.95,$47.20
2026-01-06,DOWNTOWN,Cold Brew,Coffee,15,$4.75,$71.25
2026-01-06,University,Latte,Coffee,37,$4.50,$166.50
2026-01-06,University,Cold Brew,Coffee,15,$4.75,$71.25
01/06/2026,Riverside,Cold Brew,Coffee,10,$4.75,$47.50
2026-01-06,Downtown,Latte,Coffee,41,$4.50,$184.50
2026-01-06, Downtown,Espresso,Coffee,22,3.0,$66.00
01/06/2026,Riverside,Espresso,Coffee,11,$3.00,$33.00
2026-01-06,University,Espresso,Coffee,16,$3.00,$48.00
2026-01-06,downtown,Cappuccino,Coffee,33,4.25,$140.25
2026-01-06,University,Croissant,Bakery,24,$3.25,$78.00
2026-01-06,Downtown,Croissant,Bakery,38,3.25,$123.50
01/06/2026,Riverside,Latte,Coffee,31,$4.50,$139.50
2026-01-07, Downtown,Espresso,Coffee,18,$3.00,$54.00
01/07/2026,Riverside,Cold Brew,Coffee,12,$4.75,$57.00
2026-01-07,University,Cold Brew,Coffee,7,$4.75,$33.25
01/07/2026,Riverside,Croissant,Bakery,21,$3.25,$68.25
2026-01-07,University,Cappuccino,Coffee,25,$4.25,$106.25
01/07/2026,Riverside,Espresso ,Coffee,21,$3.00,$63.00
01/07/2026,Riverside,Latte,Coffee,30,$4.50,$135.00
2026-01-07,DOWNTOWN,Cold-Brew,Coffee,23,$4.75,$109.25
2026-01-07,University,Latte,Coffee,,$4.50,
2026-01-07,Downtown,Latte,Coffee,31,$4.50,$139.50
2026-01-07,University,Croissant,Bakery,23,$3.25,$74.75
01/07/2026,Riverside,Blueberry Muffin,Bakery,11,$2.95,$32.45
01/07/2026,Riverside,Cappuccino,Coffee,22,$4.25,$93.50
2026-01-07,University,Blueberry Muffin,Bakery,21,$2.95,$61.95
2026-01-07,Downtown,Blueberry Muffin,Bakery,27,$2.95,$79.65
2026-01-07,Downtown,Croissant,Bakery,25,$3.25,$81.25
2026-01-07,University ,Espresso,Coffee,9,$3.00,$27.00
2026-01-07,Downtown,Cappuccino,Coffee,19,$4.25,$80.75
01/08/2026,Riverside,Cold Brew,Coffee,13,$4.75,$61.75
2026-01-08,University,Latte,Coffee,43,$4.50,$193.50
01/08/2026,Riverside,Latte,Coffee,37,$4.50,$166.50
2026-01-08,University,Croissant,Bakery,26,$3.25,$84.50
2026-01-08,Downtown,Espresso,Coffee,22,3.0,$66.00
2026-01-08,Downtown,Blueberry Muffin,Bakery,29,$2.95,$85.55
2026-01-08,University,Espresso,Coffee,18,$3.00,$54.00
2026-01-08,University,Cold Brew,Coffee,18,$4.75,$85.50
2026-01-08,Downtown,Cold Brew,Coffee,19,$4.75,$90.25
01/08/2026,Riverside,Espresso,Coffee,18,$3.00,$54.00
2026-01-08,Downtown,Latte,Coffee,45,$4.50,$202.50
2026-01-08,University,Cappuccino,Coffee,29,$4.25,$123.25
01/08/2026,Riverside,Blueberry Muffin,Bakery,12,$2.95,$35.40
01/08/2026, Riverside,Cappuccino,Coffee,19,$4.25,$80.75
2026-01-08,Downtown,Cappuccino,Coffee,26,$4.25,$110.50
2026-01-08,University,Blueberry Muffin,Bakery,11,$2.95,$32.45
01/08/2026,Riverside,Croissant,Bakery,17,$3.25,$55.25
2026-01-08,Downtown,croissant,Bakery,26,3.25,
01/09/2026,Riverside,espresso,Coffee,18,$3.00,$54.00
2026-01-09,Downtown,Blueberry Muffin,Bakery,19,$2.95,$56.05
2026-01-09,University,Espresso,Coffee,24,$3.00,$72.00
2026-01-09,Downtown,Croissant ,Bakery,33,3.25,$107.25
01/09/2026,Riverside,Cold Brew,Coffee,13,$4.75,$61.75
01/09/2026,Riverside ,Latte,Coffee,,4.5,
2026-01-09,Downtown,Latte,Coffee,58,$4.50,$261.00
2026-01-09,UNIVERSITY,Cold Brew,Coffee,24,$4.75,$114.00
2026-01-09,University,Latte,Coffee,33,4.5,$148.50
2026-01-09,University,Blueberry Muffin,Bakery,17,2.95,$50.15
2026-01-09,University,Croissant,Bakery,21,$3.25,$68.25
01/09/2026,Riverside,Cappuccino,Coffee,20,$4.25,$85.00
01/09/2026,Riverside ,Latte,Coffee,,4.5,
01/09/2026,Riverside,Croissant,Bakery,21,$3.25,$68.25
2026-01-09,University,Cappuccino,Coffee,19,4.25,$80.75
01/09/2026,Riverside,Blueberry Muffin,Bakery,,$2.95,
2026-01-09,University,Croissant,Bakery,21,$3.25,$68.25
2026-01-09,Downtown,Espresso,Coffee,25,$3.00,$75.00
2026-01-09,Downtown,Cold Brew,Coffee,23,4.75,$109.25
2026-01-09,Downtown,Cappuccino,Coffee,23,4.25,$97.75
01/10/2026,Riverside, Cappuccino,Coffee,28,$4.25,$119.00
2026-01-10,Downtown,Croissant,Bakery,28,$3.25,$91.00
2026-01-10,Downtown,Cold Brew,Coffee,29,$4.75,$137.75
2026-01-10,Downtown,Espresso,Coffee,29,$3.00,$87.00
2026-01-10,Univ.,Espresso,Coffee,20,3.0,$60.00
01/10/2026,Riverside,Croissant,Bakery,17,$3.25,$55.25
2026-01-10,University,Croissant,Bakery,22,$3.25,$71.50
2026-01-10,University,Cappuccino,Coffee,18,$4.25,$76.50
2026-01-10,Downtown,Latte,Coffee,64,4.5,
01/10/2026,River Side,Blueberry Muffin,Bakery,18,$2.95,$53.10
2026-01-10,Downtown,Cappuccino,Coffee,35,4.25,$148.75
01/10/2026,Riverside,Espresso,Coffee,12,$3.00,$36.00
2026-01-10,Univ.,Blueberry Muffin,Bakery,5,$2.95,$14.75
2026-01-10,Downtown,Blueberry Muffin,Bakery,22,$2.95,$64.90
2026-01-10,University,Cold Brew,Coffee,21,$4.75,$99.75
2026-01-10,University,Latte ,Coffee,33,$4.50,$148.50
01/10/2026,Riverside,Cold Brew,Coffee,18,$4.75,$85.50
01/10/2026,Riverside,Latte,Coffee,37,$4.50,$166.50
2026-01-11,Downtown,Croissant,Bakery,37,$3.25,$120.25
2026-01-11,University,Cold Brew,Coffee,14,$4.75,$66.50
01/11/2026,Riverside,Cappuccino,Coffee,23,4.25,$97.75
2026-01-11,Downtown ,Latte,Coffee,64,$4.50,$288.00
2026-01-11,University,Latte,Coffee,24,4.5,$108.00
01/11/2026,Riverside,Croissant,Bakery,22,$3.25,$71.50
01/11/2026,Riverside,Blueberry Muffin,Bakery,19,$2.95,$56.05
01/11/2026,Riverside,Latte,Coffee,32,4.5,$144.00
01/11/2026,Riverside,Cold Brew,Coffee,18,4.75,
2026-01-11,University ,Espresso,Coffee,16,3.0,$48.00
2026-01-11,University,Blueberry Muffin,Bakery,14,$2.95,$41.30
2026-01-11,Downtown,Cappuccino,Coffee,40,$4.25,$170.00
2026-01-11,University,Cappuccino,Coffee,18,4.25,$76.50
2026-01-11,Downtown,Blueberry Muffin,Bakery,20,$2.95,$59.00
01/11/2026,Riverside,Espresso,Coffee,19,3.0,$57.00
2026-01-11,downtown,Espresso,Coffee,23,$3.00,$69.00
2026-01-11,Downtown,Cold Brew,Coffee,38,$4.75,$180.50
2026-01-11,Univ.,Croissant,Bakery,21,$3.25,$68.25
2026-01-12,University,Croissant,Bakery,28,$3.25,$91.00
2026-01-12,University,Blueberry Muffin,Bakery,12,2.95,$35.40
2026-01-12,Downtown,Croissant,Bakery,29,3.25,$94.25
01/12/2026,Riverside ,Cappuccino,,20,$4.25,$85.00
2026-01-12,downtown,Blueberry Muffin,Bakery,19,2.95,$56.05
2026-01-12,Downtown ,Latte,Coffee,43,$4.50,$193.50
2026-01-12,University,Cold Brew,Coffee,15,$4.75,$71.25
01/12/2026,Riverside,Cold Brew,Coffee,11,$4.75,$52.25
2026-01-12,Downtown,Cold Brew,Coffee,30,$4.75,$142.50
2026-01-12,Downtown,Espresso,Coffee,25,3.0,$75.00
2026-01-12,Downtown,Cappuccino,Coffee,35,$4.25,$148.75
01/12/2026,Riverside,Croissant,Bakery,17,$3.25,$55.25
01/12/2026,Riverside,Blueberry Muffin,Bakery,8,$2.95,$23.60
01/12/2026,Riverside,Latte,Coffee,30,$4.50,$135.00
01/12/2026,Riverside,Espresso,Coffee,9,$3.00,$27.00
2026-01-12,University,Latte,Coffee,23,$4.50,$103.50
2026-01-12,University,Espresso,Coffee,20,$3.00,$60.00
2026-01-12,UNIVERSITY,Cappuccino,Coffee,22,$4.25,$93.50
2026-01-13,Downtown,Latte,Coffee,51,$4.50,$229.50
2026-01-13,University,Espresso,Coffee,13,$3.00,$39.00
01/13/2026,Riverside,Cappuccino,Coffee,25,$4.25,$106.25
2026-01-13,Downtown, Cappuccino,Coffee,31,4.25,$131.75
2026-01-13,Downtown,Croissant,Bakery,25,$3.25,$81.25
01/13/2026,Riverside,Espresso,Coffee,14,$3.00,$42.00
2026-01-13,University,Cappuccino,Coffee,27,$4.25,$114.75
01/13/2026,Riverside,Croissant,Bakery,16,,$52.00
01/13/2026,Riverside ,Latte,Coffee,32,$4.50,$144.00
2026-01-13, Downtown,Cold Brew,Coffee,11,$4.75,$52.25
2026-01-13,Downtown,Blueberry Muffin,Bakery,23,$2.95,$67.85
2026-01-13,University,Croissant,Bakery,20,$3.25,$65.00
01/13/2026,Riverside,Cold Brew,Coffee,17,$4.75,$80.75
2026-01-13,University,Latte,Coffee,43,$4.50,$193.50
2026-01-13,University,Blueberry Muffin,Bakery,15,$2.95,$44.25
01/13/2026,Riverside ,Latte,Coffee,32,$4.50,$144.00
01/13/2026,Riverside,Blueberry Muffin,Bakery,7,$2.95,$20.65
2026-01-13,University,Cold Brew,Coffee,21,4.75,$99.75
2026-01-13,Downtown,Espresso,Coffee,24,3.0,$72.00
2026-01-14,Downtown, Cappuccino,Coffee,26,$4.25,$110.50
01/14/2026,Riverside,Latte,Coffee,19,$4.50,$85.50
2026-01-14,Downtown,Latte,Coffee,39,$4.50,$175.50
01/14/2026,Riverside,Espresso,Coffee,18,$3.00,$54.00
01/14/2026,Riverside,Cold Brew,Coffee,16,$4.75,$76.00
2026-01-14,University,Croissant,Bakery,23,,$74.75
01/14/2026,riverside,croissant,Bakery,17,$3.25,$55.25
2026-01-14,Downtown,Espresso,Coffee,34,3.0,$102.00
2026-01-14,DOWNTOWN,Croissant,Bakery,25,3.25,$81.25
2026-01-14,Downtown,Cold Brew,Coffee,30,4.75,$142.50
01/14/2026,Riverside,Cappuccino,Coffee,22,$4.25,$93.50
2026-01-14,Univ.,Espresso,Coffee,20,$3.00,$60.00
2026-01-14,University,latte,Coffee,45,$4.50,$202.50
2026-01-14,University,Cappuccino,Coffee,31,$4.25,$131.75
2026-01-14,Downtown,Blueberry Muffin,Bakery,24,$2.95,$70.80
01/14/2026,Riverside,Blueberry Muffin,Bakery,18,$2.95,$53.10
2026-01-14,University,Cold Brew,Coffee,20,$4.75,$95.00
2026-01-14,University,Blueberry Muffin,Bakery,14,$2.95,$41.30
2026-01-15,Downtown,Latte,Coffee,49,$4.50,$220.50
01/15/2026,Riverside,Blueberry Muffin,Bakery,8,$2.95,$23.60
2026-01-15,university,Espresso,Coffee,23,$3.00,$69.00
01/15/2026,Riverside,Cold Brew,Coffee,14,$4.75,$66.50
2026-01-15, Downtown,Cappuccino,Coffee,19,4.25,$80.75
01/15/2026,Riverside,Cappuccino,Coffee,13,$4.25,$55.25
2026-01-15,University,Cold Brew,Coffee,18,$4.75,$85.50
2026-01-15,University ,Latte,Coffee,43,$4.50,$193.50
2026-01-15,University,Cappucino,Coffee,31,$4.25,$131.75
2026-01-15,Downtown,Espresso,Coffee,14,3.0,$42.00
2026-01-15,Downtown ,Croissant,Bakery,32,$3.25,$104.00
01/15/2026,Riverside,Croissant,Bakery,23,3.25,$74.75
2026-01-15,University,Croissant,Bakery,19,$3.25,$61.75
2026-01-15,University,Blueberry Muffin,Bakery,13,$2.95,$38.35
2026-01-15,DOWNTOWN,Blueberry Muffin,Bakery,20,$2.95,$59.00
2026-01-15,Downtown,Cold Brew,Coffee,24,$4.75,$114.00
01/15/2026,Riverside,Espresso,Coffee,13,$3.00,$39.00
01/15/2026,Riverside,LATTE,Coffee,23,$4.50,$103.50
01/16/2026,Riverside,Espresso,Coffee,18,$3.00,$54.00
01/16/2026,Riverside,Croissant,Bakery,13,3.25,$42.25
01/16/2026,Riverside,LATTE,Coffee,27,4.5,$121.50
2026-01-16,University,LATTE,Coffee,41,$4.50,$184.50
2026-01-16,University,Cold Brew,Coffee,14,$4.75,$66.50
01/16/2026, Riverside,Cappuccino,Coffee,18,$4.25,
01/16/2026,Riverside,Blueberry Muffin,Bakery,12,$2.95,$35.40
01/16/2026,Riverside,Cold Brew,Coffee,7,$4.75,$33.25
2026-01-16,Downtown,Blueberry Muffin,Bakery,18,$2.95,$53.10
2026-01-16,University,Blueberry Muffin,,16,$2.95,$47.20
2026-01-16,Downtown,Cappuccino,Coffee,30,$4.25,$127.50
2026-01-16,University,Cappuccino,Coffee,27,$4.25,$114.75
2026-01-16,Downtown,Cold Brew,Coffee,26,$4.75,$123.50
2026-01-16,Downtown,Latte,Coffee,49,$4.50,$220.50
2026-01-16,University,Croissant,Bakery,,3.25,
2026-01-16,Downtown ,Espresso,Coffee,16,$3.00,$48.00
2026-01-16,University ,Espresso,Coffee,28,$3.00,$84.00
2026-01-16,Downtown,Croissant,Bakery,25,$3.25,$81.25
2026-01-17,Downtown,Croissant,Bakery,,$3.25,
01/17/2026,Riverside,Espresso ,Coffee,9,$3.00,$27.00
2026-01-17,Downtown,Blueberry Muffin,Bakery,34,$2.95,$100.30
2026-01-17,University,Blueberry Muffin,Bakery,13,$2.95,$38.35
01/17/2026,River Side,Cappuccino,Coffee,12,$4.25,$51.00
2026-01-17,Downtown,Espresso,Coffee,29,$3.00,$87.00
01/17/2026,Riverside,Cold-Brew,Coffee,23,$4.75,$109.25
2026-01-17,University,Latte,Coffee,29,$4.50,$130.50
01/17/2026,Riverside,Blueberry Muffin,Bakery,10,$2.95,$29.50
2026-01-17,University,Croissant,Bakery,22,$3.25,$71.50
2026-01-17,University,Cappuccino,Coffee,18,4.25,$76.50
2026-01-17,University,Cold Brew,Coffee,12,$4.75,$57.00
2026-01-17,Downtown,Latte,Coffee,47,4.5,$211.50
01/17/2026,Riverside,croissant,Bakery,16,$3.25,$52.00
01/17/2026,Riverside,Latte,Coffee,37,4.5,$166.50
2026-01-17,Downtown,cold brew,Coffee,23,$4.75,$109.25
2026-01-17,Downtown,Cappuccino,Coffee,27,4.25,$114.75
2026-01-17,University,Espresso,Coffee,18,$3.00,$54.00
2026-01-18,Univ.,Cold Brew,Coffee,18,$4.75,$85.50
2026-01-18,Downtown,Cappuccino,Coffee,42,$4.25,$178.50
2026-01-18,University,Croissant,Bakery,26,$3.25,$84.50
2026-01-18,UNIVERSITY,Espresso,Coffee,14,$3.00,$42.00
2026-01-18,University,Blueberry Muffin,Bakery,10,$2.95,$29.50
01/18/2026,River Side,Latte,Coffee,41,4.5,$184.50
2026-01-18,Downtown,Cold Brew,Coffee,27,$4.75,$128.25
01/18/2026,Riverside ,Croissant,Bakery,26,$3.25,$84.50
2026-01-18,University,latte,Coffee,29,$4.50,$130.50
01/18/2026,Riverside,Blueberry Muffin,Bakery,17,$2.95,$50.15
2026-01-18,Downtown,Croissant,Bakery,42,$3.25,$136.50
2026-01-18,Downtown,Espresso,Coffee,28,3.0,$84.00
01/18/2026,Riverside,Espresso,Coffee,21,$3.00,$63.00
01/18/2026,Riverside,Cold Brew,Coffee,14,4.75,$66.50
2026-01-18,Downtown,Blueberry Muffin,,32,$2.95,$94.40
2026-01-18,University,Cappuccino,Coffee,,$4.25,
2026-01-18,Downtown,Latte,Coffee,60,4.5,$270.00
01/18/2026,River Side,Cappuccino,Coffee,24,$4.25,$102.00
2026-01-19,University,Croissant,Bakery,26,$3.25,$84.50
01/19/2026,Riverside,Latte,Coffee,30,$4.50,$135.00
01/19/2026,River Side,Cappuccino,Coffee,17,$4.25,$72.25
2026-01-19,University,Espresso,Coffee,19,$3.00,$57.00
2026-01-19,Downtown,Cappuccino,Coffee,30,$4.25,$127.50
2026-01-19,University ,Latte,Coffee,30,$4.50,$135.00
2026-01-19,Downtown,Cold Brew,Coffee,26,$4.75,$123.50
2026-01-19,University,Croissant,Bakery,26,$3.25,$84.50
01/19/2026,Riverside,Blueberry Muffin,Bakery,19,$2.95,$56.05
2026-01-19,University,Blueberry muffin,Bakery,,$2.95,
01/19/2026,Riverside,Espresso,Coffee,9,$3.00,$27.00
2026-01-19,Downtown,Blueberry Muffin,Bakery,22,$2.95,$64.90
2026-01-19,Downtown,Latte,Coffee,48,$4.50,$216.00
2026-01-19,Downtown,Croissant,Bakery,28,3.25,$91.00
01/19/2026,Riverside,Cold Brew,Coffee,14,$4.75,$66.50
2026-01-19,university,Cold Brew,Coffee,16,$4.75,$76.00
01/19/2026,Riverside,Croissant,Bakery,15,$3.25,$48.75
2026-01-19,University,Cappuccino,Coffee,20,$4.25,$85.00
2026-01-19,Downtown,Espresso,Coffee,33,$3.00,$99.00
01/20/2026,Riverside,Cappuccino,Coffee,13,4.25,$55.25
2026-01-20,downtown,Croissant,Bakery,24,$3.25,$78.00
2026-01-20,Univ.,Espresso,Coffee,16,3.0,$48.00
2026-01-20,Downtown,Latte,Coffee,44,$4.50,$198.00
2026-01-20,Downtown,Cappuccino,Coffee,25,$4.25,$106.25
01/20/2026,Riverside,Croissant,Bakery,17,$3.25,$55.25
01/20/2026,Riverside,Espresso,Coffee,12,3.0,$36.00
2026-01-20,University,Croissant,Bakery,19,$3.25,$61.75
2026-01-20,University,Latte,Coffee,36,4.5,$162.00
2026-01-20,Downtown,Blueberry muffin,Bakery,18,$2.95,$53.10
2026-01-20,University,Cold Brew,Coffee,18,$4.75,$85.50
01/20/2026,Riverside,Latte,Coffee,28,$4.50,$126.00
2026-01-20,University,Blueberry Muffin,Bakery,9,2.95,$26.55
01/20/2026,Riverside,Cappuccino,Coffee,13,4.25,$55.25
2026-01-20,Downtown,Espresso,Coffee,21,3.0,$63.00
01/20/2026,Riverside,Blueberry Muffin,Bakery,10,$2.95,$29.50
01/20/2026,Riverside,Cold Brew,Coffee,9,$4.75,$42.75
2026-01-20,University, Cappuccino,Coffee,37,$4.25,$157.25
2026-01-20,DOWNTOWN,Cold Brew,Coffee,21,$4.75,$99.75
2026-01-21,Downtown,Cappuccino,Coffee,43,$4.25,$182.75
2026-01-21,University,Croissant,Bakery,19,$3.25,$61.75
2026-01-21,University,Espresso,Coffee,20,$3.00,$60.00
01/21/2026,Riverside,croissant,Bakery,26,$3.25,$84.50
2026-01-21,Downtown,Latte ,Coffee,52,$4.50,$234.00
2026-01-21,University,Cappuccino,Coffee,32,4.25,$136.00
2026-01-21, Downtown,Blueberry Muffin,Bakery,17,$2.95,$50.15
01/21/2026,Riverside,cold brew,Coffee,8,$4.75,$38.00
2026-01-21,Downtown,Espresso,Coffee,25,$3.00,$75.00
2026-01-21,Downtown,Cold Brew,Coffee,30,$4.75,$142.50
2026-01-21,University,Cold Brew,Coffee,18,$4.75,$85.50
2026-01-21,University,Blueberry Muffin,Bakery,25,$2.95,$73.75
01/21/2026,Riverside,Latte,Coffee,26,$4.50,$117.00
2026-01-21,University,Latte,Coffee,40,4.5,$180.00
01/21/2026,Riverside,Espresso,Coffee,18,$3.00,$54.00
01/21/2026,River Side,Cappuccino,Coffee,19,$4.25,$80.75
2026-01-21,Downtown ,Croissant,Bakery,25,$3.25,$81.25
01/21/2026, Riverside,Blueberry Muffin,Bakery,20,2.95,$59.00
2026-01-22,Downtown,Blueberry Muffin,Bakery,25,$2.95,$73.75
2026-01-22,University,Croissant,Bakery,31,$3.25,$100.75
2026-01-22,University,Espresso,Coffee,18,$3.00,$54.00
01/22/2026,Riverside,Blueberry Muffin,Bakery,14,$2.95,$41.30
2026-01-22,University,Cappuccino,Coffee,27,$4.25,$114.75
2026-01-22,University,Latte,Coffee,34,$4.50,$153.00
01/22/2026,Riverside,Espresso,Coffee,7,$3.00,$21.00
2026-01-22,University,Blueberry Muffin,Bakery,19,2.95,$56.05
01/22/2026,Riverside,Cappuccino,Coffee,20,$4.25,$85.00
2026-01-22,Downtown,Latte,Coffee,41,4.5,$184.50
01/22/2026,Riverside,Croissant,Bakery,19,$3.25,$61.75
2026-01-22,Downtown,Espresso,Coffee,27,3.0,$81.00
2026-01-22,Downtown,Croissant,Bakery,29,$3.25,$94.25
2026-01-22,Downtown,Cold Brew,Coffee,23,$4.75,$109.25
2026-01-22,University,Blueberry Muffin,Bakery,19,2.95,$56.05
2026-01-22,Downtown,Cappuccino,Coffee,29,$4.25,$123.25
01/22/2026,Riverside,Cold Brew,Coffee,20,$4.75,$95.00
01/22/2026,Riverside,Latte,Coffee,20,$4.50,$90.00
2026-01-22,University,Cold Brew,Coffee,22,4.75,$104.50
2026-01-23,University,Cappuccino,Coffee,24,$4.25,$102.00
2026-01-23,University,Latte,Coffee,37,4.5,$166.50
01/23/2026,Riverside,Croissant,Bakery,14,$3.25,$45.50
2026-01-23,Downtown,Cold Brew,Coffee,26,$4.75,$123.50
2026-01-23,University,Cold Brew,Coffee,16,$4.75,$76.00
2026-01-23,University,Croissant,Bakery,22,$3.25,$71.50
2026-01-23,Downtown,Croissant,Bakery,41,$3.25,$133.25
2026-01-23,Downtown,Blueberry Muffin,Bakery,25,$2.95,$73.75
01/23/2026,Riverside,Latte,Coffee,33,$4.50,$148.50
2026-01-23,Downtown,Espresso,Coffee,26,$3.00,$78.00
2026-01-23,Downtown,Latte,Coffee,,$4.50,
01/23/2026,Riverside,Blueberry Muffin,Bakery,18,$2.95,$53.10
01/23/2026,Riverside,Cappuccino,Coffee,20,$4.25,$85.00
2026-01-23,University,Espresso,Coffee,21,$3.00,$63.00
2026-01-23,University,Blueberry Muffin,,19,2.95,$56.05
2026-01-23,DOWNTOWN,Cappuccino,Coffee,35,$4.25,$148.75
01/23/2026,Riverside,Espresso,Coffee,11,$3.00,$33.00
01/23/2026,Riverside,Cold Brew,Coffee,11,$4.75,$52.25
2026-01-24,University ,Blueberry Muffin,Bakery,12,$2.95,$35.40
01/24/2026,Riverside,Croissant,Bakery,14,$3.25,$45.50
01/24/2026,Riverside,Espresso ,Coffee,16,$3.00,$48.00
01/24/2026,Riverside,LATTE,Coffee,35,$4.50,$157.50
2026-01-24,University,Latte,Coffee,39,4.5,$175.50
2026-01-24,University,Croissant,Bakery,20,3.25,$65.00
01/24/2026,Riverside,Blueberry Muffin,Bakery,11,$2.95,$32.45
2026-01-24,Downtown,Cold Brew,Coffee,27,4.75,$128.25
2026-01-24,Downtown,Blueberry Muffin,Bakery,34,2.95,$100.30
2026-01-24,University,Cold Brew,Coffee,18,$4.75,$85.50
01/24/2026,Riverside,Cappuccino,Coffee,29,4.25,$123.25
2026-01-24,DOWNTOWN,Cappuccino,Coffee,35,$4.25,$148.75
2026-01-24,University,Espresso,Coffee,17,3.0,$51.00
01/24/2026,River Side,Cold Brew,Coffee,12,$4.75,$57.00
2026-01-24,University,Cappuccino,Coffee,,$4.25,
2026-01-24,Downtown,Latte,Coffee,76,,$342.00
2026-01-24,Downtown,Espresso,Coffee,33,$3.00,$99.00
2026-01-24,DOWNTOWN,Croissant,Bakery,35,$3.25,$113.75
2026-01-25,Downtown,Espresso,Coffee,29,$3.00,$87.00
01/25/2026,Riverside,Cappuccino,Coffee,22,$4.25,$93.50
01/25/2026,Riverside,Cold Brew,Coffee,21,$4.75,$99.75
2026-01-25,Downtown,Croissant,Bakery,36,$3.25,$117.00
2026-01-25,DOWNTOWN,Latte,Coffee,62,$4.50,$279.00
01/25/2026,Riverside,Espresso,Coffee,19,3.0,$57.00
2026-01-25,University,Cold Brew,Coffee,15,$4.75,$71.25
2026-01-25,University,Espresso,Coffee,17,$3.00,$51.00
2026-01-25,Downtown,Blueberry Muffin,Bakery,19,$2.95,$56.05
01/25/2026,Riverside,Blueberry Muffin,Bakery,20,$2.95,$59.00
2026-01-25,University,Blueberry Muffin,,9,$2.95,$26.55
01/25/2026,Riverside,Latte,Coffee,21,4.5,$94.50
2026-01-25,University,Latte,Coffee,20,4.5,$90.00
2026-01-25,Downtown,Cappuccino,Coffee,47,$4.25,$199.75
01/25/2026,Riverside,Croissant,Bakery,26,$3.25,$84.50
2026-01-25,University,Cappuccino,Coffee,20,$4.25,$85.00
2026-01-25,University,Croissant,Bakery,20,$3.25,$65.00
2026-01-25,Downtown,Cold Brew,Coffee,28,$4.75,$133.00
01/26/2026,Riverside,Latte,Coffee,28,$4.50,$126.00
01/26/2026,Riverside,Croissant,,14,$3.25,$45.50
2026-01-26,University,Blueberry Muffin,Bakery,13,$2.95,$38.35
01/26/2026,River Side,Cappuccino,Coffee,23,$4.25,$97.75
2026-01-26,Downtown,Cappuccino,Coffee,,$4.25,
2026-01-26,Downtown,Croissant ,Bakery,24,$3.25,$78.00
2026-01-26,University,Cappuccino,Coffee,19,$4.25,$80.75
2026-01-26,Downtown,Blueberry Muffin,Bakery,26,$2.95,$76.70
2026-01-26,UNIVERSITY,Cappuccino,Coffee,19,$4.25,$80.75
2026-01-26,University,Espresso,Coffee,13,$3.00,$39.00
01/26/2026,Riverside,Blueberry Muffin,,13,$2.95,$38.35
2026-01-26,Downtown,Latte,Coffee,42,$4.50,$189.00
01/26/2026,Riverside,Espresso,Coffee,12,$3.00,$36.00
2026-01-26,University,Latte ,Coffee,30,$4.50,$135.00
2026-01-26,Downtown,Cold Brew,Coffee,23,$4.75,$109.25
2026-01-26,Downtown,Espresso,Coffee,25,$3.00,$75.00
2026-01-26,University,Croissant ,Bakery,29,$3.25,$94.25
2026-01-26,University,Cold Brew,Coffee,18,$4.75,$85.50
01/26/2026,Riverside,Cold Brew,Coffee,15,$4.75,$71.25
01/27/2026,Riverside,Espresso,Coffee,13,$3.00,$39.00
2026-01-27,Downtown,Espresso,Coffee,23,$3.00,$69.00
01/27/2026,Riverside,Cold Brew,Coffee,8,4.75,$38.00
2026-01-27,University,Latte,Coffee,31,$4.50,$139.50
2026-01-27,Downtown,Cappuccino,Coffee,35,4.25,$148.75
2026-01-27,Downtown,Latte,Coffee,43,4.5,$193.50
2026-01-27,Downtown,Cold Brew,Coffee,31,$4.75,$147.25
2026-01-27,University,Blueberry Muffin,,22,$2.95,$64.90
2026-01-27,University,Cold Brew,Coffee,15,$4.75,$71.25
01/27/2026,Riverside,Latte,Coffee,24,$4.50,$108.00
2026-01-27,University,Croissant,Bakery,18,3.25,$58.50
01/27/2026,Riverside,Cappuccino,Coffee,20,$4.25,$85.00
01/27/2026,Riverside,Blueberry Muffin,Bakery,8,2.95,$23.60
2026-01-27,Downtown,Blueberry muffin,Bakery,31,2.95,$91.45
2026-01-27,Downtown,Croissant,,29,$3.25,$94.25
01/27/2026,Riverside,Croissant ,Bakery,11,$3.25,
2026-01-27,University,Espresso,Coffee,16,$3.00,$48.00
2026-01-27,University,Cappuccino,Coffee,21,$4.25,$89.25
2026-01-28,DOWNTOWN,Cold Brew,Coffee,24,4.75,$114.00
2026-01-28,Downtown,LATTE,Coffee,30,$4.50,$135.00
2026-01-28,University,Espresso,Coffee,16,$3.00,$48.00
01/28/2026,Riverside,Cold Brew,Coffee,8,$4.75,$38.00
2026-01-28,University,Cold Brew,Coffee,18,$4.75,$85.50
2026-01-28,University,Cappuccino,Coffee,23,$4.25,$97.75
01/28/2026,Riverside,Espresso,Coffee,15,$3.00,$45.00
2026-01-28,Downtown,Cappuccino,Coffee,33,4.25,$140.25
2026-01-28,Downtown,Espresso,Coffee,30,3.0,$90.00
01/28/2026,Riverside,Cappuccino,Coffee,16,$4.25,$68.00
01/28/2026,Riverside,Blueberry Muffin,Bakery,9,$2.95,$26.55
2026-01-28,Downtown,Croissant,Bakery,28,3.25,$91.00
01/28/2026,Riverside,Croissant,Bakery,20,3.25,$65.00
01/28/2026,Riverside,Latte,Coffee,28,4.5,$126.00
2026-01-28,University,Latte,Coffee,45,$4.50,$202.50
2026-01-28,University,Croissant,Bakery,21,$3.25,$68.25
2026-01-28,University,Blueberry Muffin,Bakery,17,2.95,$50.15
2026-01-28,Downtown,Blueberry Muffin,,16,$2.95,$47.20
2026-01-29,University,Cold Brew,Coffee,23,$4.75,$109.25
2026-01-29,University,Blueberry Muffin,Bakery,,$2.95,
2026-01-29,Downtown,Blueberry Muffin,Bakery,22,$2.95,$64.90
01/29/2026,Riverside,Latte,Coffee,26,4.5,$117.00
2026-01-29,Downtown,Espresso,Coffee,31,$3.00,$93.00
2026-01-29,University,Croissant,Bakery,18,3.25,$58.50
01/29/2026,Riverside,Blueberry Muffin,Bakery,13,$2.95,$38.35
2026-01-29,downtown,Cappuccino,Coffee,30,4.25,$127.50
2026-01-29,Downtown,Latte,Coffee,49,$4.50,$220.50
01/29/2026,Riverside,Croissant,Bakery,22,$3.25,$71.50
2026-01-29,University, Cappuccino,Coffee,22,$4.25,$93.50
01/29/2026,Riverside,Cold Brew,Coffee,11,$4.75,$52.25
01/29/2026,Riverside,Cappuccino,Coffee,17,4.25,$72.25
2026-01-29,Univ.,Espresso,Coffee,18,$3.00,$54.00
2026-01-29,Downtown,Croissant,Bakery,30,$3.25,$97.50
01/29/2026,Riverside,Espresso ,Coffee,15,$3.00,$45.00
2026-01-29,Downtown,Cold Brew,Coffee,26,$4.75,$123.50
2026-01-29,University,Latte,Coffee,35,$4.50,$157.50
2026-01-30,University,Blueberry Muffin,Bakery,16,$2.95,$47.20
2026-01-30,Downtown,Latte,Coffee,50,$4.50,$225.00
2026-01-30,Downtown,blueberry muffin,Bakery,17,$2.95,$50.15
2026-01-30,University,Cold Brew,Coffee,21,$4.75,$99.75
01/30/2026,Riverside,Espresso ,Coffee,,$3.00,
2026-01-30,Downtown,Croissant,Bakery,24,$3.25,$78.00
2026-01-30,University,Latte,Coffee,35,$4.50,$157.50
2026-01-30,Downtown,Cappuccino,Coffee,34,$4.25,$144.50
2026-01-30,DOWNTOWN,Cold Brew,Coffee,24,$4.75,$114.00
01/30/2026,Riverside,Cold Brew,Coffee,21,$4.75,$99.75
2026-01-30,University ,Cappuccino,Coffee,42,$4.25,$178.50
2026-01-30,University,Croissant ,Bakery,25,$3.25,$81.25
01/30/2026,Riverside,Cappuccino,Coffee,25,$4.25,$106.25
2026-01-30,Downtown,Espresso ,Coffee,29,$3.00,$87.00
01/30/2026,Riverside,croissant,Bakery,11,$3.25,$35.75
01/30/2026,Riverside,Latte,Coffee,30,$4.50,$135.00
2026-01-30,University,espresso,Coffee,14,$3.00,$42.00
01/30/2026,Riverside,Blueberry Muffin,Bakery,17,$2.95,$50.15
01/31/2026,Riverside,Croissant,Bakery,15,$3.25,$48.75
2026-01-31,university,Espresso,Coffee,19,$3.00,$57.00
2026-01-31,Downtown,Espresso ,Coffee,34,$3.00,$102.00
2026-01-31,Downtown,Croissant,Bakery,53,$3.25,$172.25
01/31/2026,Riverside,Blueberry muffin,Bakery,,$2.95,
01/31/2026,Riverside,Espresso ,Coffee,27,$3.00,$81.00
2026-01-31,University,Croissant,Bakery,13,$3.25,
2026-01-31,Downtown,Blueberry Muffin,Bakery,34,$2.95,$100.30
2026-01-31,Downtown,Cappuccino,Coffee,39,$4.25,$165.75
2026-01-31,Downtown,Latte,Coffee,60,$4.50,$270.00
01/31/2026,Riverside,Latte,Coffee,18,$4.50,$81.00
01/31/2026,Riverside ,Cold Brew,Coffee,14,$4.75,$66.50
2026-01-31,University,Cold Brew,Coffee,15,$4.75,$71.25
2026-01-31,University,Cappuccino,Coffee,22,$4.25,$93.50
01/31/2026,Riverside,Cappuccino,Coffee,19,$4.25,$80.75
2026-01-31,University ,Blueberry Muffin,Bakery,19,2.95,$56.05
2026-01-31,DOWNTOWN,Cold Brew,Coffee,25,$4.75,$118.75
2026-01-31,UNIVERSITY,Latte,Coffee,36,$4.50,$162.00
2026-02-01,Downtown,Cold Brew,Coffee,29,$4.75,
2026-02-01,University,Cold Brew,Coffee,16,$4.75,$76.00
2026-02-01,Downtown,Croissant,Bakery,31,3.25,$100.75
02/01/2026,Riverside,Blueberry Muffin,Bakery,17,$2.95,$50.15
02/01/2026,Riverside,Cold Brew,Coffee,17,$4.75,$80.75
2026-02-01,Downtown,Latte,Coffee,62,$4.50,$279.00
02/01/2026,Riverside,Croissant ,Bakery,,3.25,
02/01/2026,Riverside,Espresso,Coffee,12,3.0,$36.00
2026-02-01,University,Croissant,Bakery,23,$3.25,$74.75
2026-02-01,University,Espresso,Coffee,22,$3.00,$66.00
2026-02-01,Downtown,Espresso,Coffee,43,$3.00,$129.00
2026-02-01,Downtown,Cappuccino,Coffee,47,4.25,$199.75
2026-02-01,University,Latte,Coffee,26,4.5,$117.00
2026-02-01,Downtown,Blueberry Muffin,Bakery,39,2.95,$115.05
02/01/2026,Riverside,Latte ,Coffee,34,$4.50,
02/01/2026,Riverside,Cappuccino,Coffee,23,$4.25,$97.75
02/01/2026,Riverside,Espresso,Coffee,12,3.0,$36.00
2026-02-01,University ,Blueberry Muffin,Bakery,23,$2.95,$67.85
2026-02-01,University,Cappuccino,Coffee,24,$4.25,$102.00
2026-02-02,University,Latte,Coffee,42,$4.50,$189.00
2026-02-02,Downtown,Croissant,Bakery,27,$3.25,$87.75
02/02/2026,Riverside,croissant,Bakery,12,$3.25,$39.00
02/02/2026,Riverside,cold brew,Coffee,13,$4.75,$61.75
02/02/2026,Riverside,Latte,Coffee,24,$4.50,$108.00
2026-02-02,Downtown,Latte,Coffee,50,4.5,$225.00
2026-02-02,downtown,Espresso,Coffee,34,$3.00,$102.00
2026-02-02,DOWNTOWN,Cappuccino,Coffee,31,$4.25,$131.75
2026-02-02,University,Blueberry Muffin,Bakery,24,$2.95,$70.80
2026-02-02,University,Croissant,Bakery,25,3.25,$81.25
2026-02-02,Downtown,Blueberry Muffin,Bakery,20,$2.95,$59.00
02/02/2026,Riverside ,Cappuccino,Coffee,21,$4.25,$89.25
2026-02-02,Downtown,Cold Brew,Coffee,31,$4.75,$147.25
2026-02-02,University,Cold Brew,Coffee,14,$4.75,$66.50
02/02/2026,Riverside,Blueberry Muffin,Bakery,10,$2.95,$29.50
02/02/2026,Riverside,Espresso,Coffee,10,3.0,$30.00
2026-02-02,University,Espresso,Coffee,,$3.00,
2026-02-02,University,Cappuccino,Coffee,21,$4.25,$89.25
02/03/2026,riverside,Blueberry Muffin,Bakery,12,$2.95,$35.40
2026-02-03,University,Espresso,Coffee,20,$3.00,$60.00
2026-02-03,Downtown,Blueberry Muffin,Bakery,20,$2.95,$59.00
2026-02-03,Downtown,Latte,Coffee,35,$45.00,$157.50
2026-02-03,University,Latte,Coffee,32,$4.50,$144.00
2026-02-03,University,Cappuccino,Coffee,23,$4.25,$97.75
2026-02-03,Downtown,Espresso,Coffee,27,$3.00,$81.00
02/03/2026,Riverside,Espresso,Coffee,22,$3.00,$66.00
02/03/2026,Riverside,Croissant,Bakery,17,$3.25,$55.25
2026-02-03,Downtown,Cappuccino,Coffee,38,$4.25,$161.50
02/03/2026,Riverside,Latte,Coffee,29,$4.50,$130.50
02/03/2026,River Side,Cappuccino,Coffee,23,$4.25,$97.75
2026-02-03,University,Croissant,Bakery,20,$3.25,$65.00
02/03/2026,Riverside,Cold-Brew,Coffee,8,$4.75,$38.00
2026-02-03,University,Blueberry Muffin,,,2.95,
2026-02-03,DOWNTOWN,Cold Brew,Coffee,31,4.75,$147.25
2026-02-03,downtown,Croissant,Bakery,35,$3.25,$113.75
2026-02-03,University,Cold brew,,14,$4.75,$66.50
02/04/2026,Riverside,Croissant,Bakery,16,3.25,$52.00
2026-02-04,UNIVERSITY,Latte,,31,$4.50,$139.50
02/04/2026,Riverside,Blueberry Muffin,Bakery,10,$2.95,$29.50
2026-02-04,Downtown,Cold Brew,Coffee,24,$4.75,$114.00
2026-02-04,University,Espresso,Coffee,18,$3.00,$54.00
2026-02-04,Downtown,Blueberry Muffin,Bakery,20,$2.95,$59.00
02/04/2026,Riverside,Latte,Coffee,30,$4.50,$135.00
2026-02-04,UNIVERSITY,Cold-Brew,Coffee,25,$4.75,$118.75
02/04/2026,Riverside ,Cappuccino,Coffee,15,$4.25,$63.75
2026-02-04,Downtown,Croissant,Bakery,31,$3.25,$100.75
2026-02-04,Downtown,Espresso,Coffee,27,$3.00,$81.00
2026-02-04,University,Cappuccino,Coffee,37,4.25,$157.25
2026-02-04,University,Croissant,Bakery,18,3.25,$58.50
2026-02-04,University ,Blueberry Muffin,Bakery,22,$2.95,$64.90
2026-02-04,Downtown,Latte,Coffee,37,$4.50,$166.50
02/04/2026,Riverside,cold brew,Coffee,25,4.75,$118.75
2026-02-04,Downtown,Cappuccino,Coffee,41,$4.25,$174.25
02/04/2026,Riverside,Espresso,Coffee,22,$3.00,$66.00
2026-02-05,University,Espresso,Coffee,16,$3.00,$48.00
2026-02-05,Downtown,Latte,Coffee,55,$4.50,$247.50
2026-02-05,Downtown,Croissant,Bakery,28,3.25,$91.00
02/05/2026,Riverside,Cappuccino,Coffee,16,$4.25,$68.00
2026-02-05,Downtown,Cold Brew,Coffee,31,$4.75,$147.25
02/05/2026,RIVERSIDE,blueberry muffin,,20,$2.95,$59.00
02/05/2026,Riverside,Latte,Coffee,22,$4.50,$99.00
2026-02-05,University,Latte,Coffee,37,4.5,$166.50
02/05/2026,Riverside,Croissant,Bakery,14,3.25,$45.50
02/05/2026,Riverside,Cold Brew,Coffee,12,$4.75,$57.00
2026-02-05,Downtown,Blueberry Muffin,Bakery,20,$2.95,$59.00
02/05/2026,Riverside,blueberry muffin,,20,$2.95,$59.00
2026-02-05,Downtown,Espresso,Coffee,31,3.0,$93.00
2026-02-05,University,Blueberry Muffin,Bakery,21,$2.95,$61.95
2026-02-05,University,Cold Brew,Coffee,19,4.75,$90.25
02/05/2026,Riverside ,Espresso,Coffee,15,$3.00,$45.00
2026-02-05,University,Croissant,Bakery,19,$3.25,$61.75
2026-02-05,Downtown,Cappuccino,Coffee,27,4.25,$114.75
2026-02-05,University,Cappuccino,Coffee,28,4.25,$119.00
02/06/2026,Riverside,Latte,Coffee,23,4.5,$103.50
02/06/2026,Riverside,Cold Brew,Coffee,,$4.75,
02/06/2026,Riverside,Croissant,Bakery,27,$3.25,$87.75
2026-02-06,University,Latte,Coffee,42,$4.50,$189.00
2026-02-06,University,Espresso,Coffee,25,$3.00,$75.00
2026-02-06,Downtown,Latte,Coffee,45,$4.50,$202.50
2026-02-06, Downtown,Blueberry Muffin,Bakery,19,$2.95,$56.05
2026-02-06,University,Cappuccino,Coffee,33,$4.25,$140.25
2026-02-06,Downtown,Croissant,Bakery,36,$3.25,$117.00
02/06/2026,Riverside ,Blueberry Muffin,Bakery,11,$2.95,$32.45
2026-02-06,Downtown,Cappuccino,Coffee,26,$4.25,$110.50
02/06/2026,Riverside,Espresso,,16,$3.00,$48.00
2026-02-06,University ,Cold Brew,Coffee,24,$4.75,$114.00
2026-02-06,University,Croissant,Bakery,17,$3.25,$55.25
2026-02-06,Downtown,Espresso,Coffee,22,$3.00,$66.00
2026-02-06,Downtown,Cold Brew,,31,$4.75,$147.25
02/06/2026,Riverside,Cappuccino,Coffee,21,$4.25,$89.25
2026-02-06,University,Blueberry Muffin,Bakery,17,$2.95,$50.15
02/07/2026,Riverside,Cappuccino,Coffee,19,$4.25,$80.75
02/07/2026,Riverside,Cold Brew,Coffee,21,$4.75,$99.75
02/07/2026,Riverside,Blueberry Muffin,Bakery,16,$2.95,$47.20
2026-02-07,DOWNTOWN,Espresso,Coffee,24,$3.00,$72.00
2026-02-07,UNIVERSITY,Blueberry Muffin,Bakery,20,$2.95,$59.00
2026-02-07,Downtown,Cold Brew,Coffee,29,$4.75,$137.75
2026-02-07,University,Latte,Coffee,33,$4.50,$148.50
2026-02-07,University,Espresso,Coffee,21,3.0,$63.00
2026-02-07,Downtown,Cappuccino,Coffee,47,$4.25,$199.75
02/07/2026,Riverside,Latte,Coffee,34,4.5,$153.00
2026-02-07,University,Cold Brew,Coffee,27,$4.75,$128.25
2026-02-07,Downtown,Latte,Coffee,70,$4.50,$315.00
02/07/2026,Riverside,Croissant,Bakery,25,3.25,$81.25
2026-02-07,UNIVERSITY,Cappuccino,Coffee,20,4.25,$85.00
2026-02-07,Downtown,Blueberry Muffin,Bakery,30,$2.95,$88.50
02/07/2026, Riverside,Espresso,Coffee,25,$3.00,$75.00
2026-02-07,University,Blueberry Muffin,Bakery,20,$2.95,$59.00
2026-02-07,University,Croissant,Bakery,24,$3.25,$78.00
2026-02-07,downtown,Croissant,Bakery,34,$3.25,$110.50
2026-02-08,University,Blueberry Muffin,Bakery,,$2.95,
02/08/2026,Riverside,Espresso,Coffee,16,$3.00,$48.00
2026-02-08,Downtown ,Croissant,Bakery,29,$3.25,$94.25
02/08/2026,Riverside,Latte,Coffee,29,$4.50,$130.50
02/08/2026,Riverside,Cold Brew,Coffee,24,$4.75,$114.00
2026-02-08,Downtown,Cold Brew,Coffee,27,$4.75,$128.25
2026-02-08,Downtown,Blueberry Muffin,Bakery,21,$2.95,$61.95
02/08/2026,Riverside,Blueberry Muffin,Bakery,12,$2.95,$35.40
2026-02-08,University,Latte,Coffee,35,$4.50,$157.50
2026-02-08,University,Cappuccino,Coffee,24,$4.25,$102.00
02/08/2026,Riverside,Cappuccino,Coffee,21,$4.25,$89.25
2026-02-08,University,Cold Brew,Coffee,21,$4.75,$99.75
2026-02-08,University,Espresso,Coffee,19,3.0,$57.00
2026-02-08,Downtown,Espresso,Coffee,36,$3.00,$108.00
2026-02-08,Downtown,Cappuccino,Coffee,38,$4.25,$161.50
02/08/2026,Riverside,Croissant,Bakery,25,3.25,$81.25
2026-02-08,University,Croissant,Bakery,18,$3.25,$58.50
2026-02-08,DOWNTOWN,Latte,Coffee,56,4.5,$252.00
2026-02-09,University,Espresso,Coffee,13,$3.00,$39.00
2026-02-09,University,Cold Brew,Coffee,24,$4.75,$114.00
02/09/2026,Riverside,Croissant ,Bakery,17,$3.25,$55.25
2026-02-09,University,Latte,Coffee,36,$4.50,$162.00
2026-02-09,University,Cappuccino,Coffee,21,,$89.25
2026-02-09,Downtown,Croissant,Bakery,23,3.25,$74.75
02/09/2026,Riverside,Latte,Coffee,37,$4.50,$166.50
2026-02-09,Downtown,Blueberry Muffin,Bakery,25,$2.95,$73.75
2026-02-09,Downtown,Latte,Coffee,49,4.5,$220.50
02/09/2026,Riverside,Cappuccino,Coffee,19,$4.25,$80.75
02/09/2026,riverside,Espresso,Coffee,15,$3.00,$45.00
2026-02-09,Downtown,Espresso,Coffee,35,3.0,$105.00
02/09/2026,riverside,Cold Brew,Coffee,18,$4.75,$85.50
2026-02-09,University,Blueberry Muffin,Bakery,21,$2.95,$61.95
2026-02-09,Downtown,Cappuccino,,34,$4.25,$144.50
2026-02-09,Downtown ,Cold Brew,Coffee,28,$4.75,$133.00
2026-02-09,University,Croissant,Bakery,29,$3.25,$94.25
02/09/2026,Riverside,Blueberry Muffin,Bakery,19,$2.95,$56.05
2026-02-10,Downtown,Cold Brew,Coffee,21,$4.75,$99.75
2026-02-10,DOWNTOWN,Cappucino,Coffee,38,$4.25,$161.50
2026-02-10,University,Cappuccino,Coffee,22,4.25,$93.50
02/10/2026,River Side,Blueberry Muffin,Bakery,11,2.95,$32.45
2026-02-10,Downtown,Espresso,Coffee,26,$3.00,$78.00
02/10/2026,Riverside,Espresso,Coffee,13,3.0,$39.00
02/10/2026,Riverside ,LATTE,Coffee,24,$4.50,$108.00
2026-02-10,University,Croissant,Bakery,33,$3.25,$107.25
02/10/2026,Riverside,Cold Brew,Coffee,15,4.75,$71.25
02/10/2026,Riverside,Cappuccino,Coffee,19,$4.25,$80.75
2026-02-10,Downtown,Croissant,Bakery,27,$3.25,$87.75
2026-02-10,University,Blueberry Muffin,Bakery,18,2.95,$53.10
02/10/2026,Riverside,Croissant,Bakery,16,$3.25,$52.00
2026-02-10,University,Espresso,Coffee,21,$3.00,$63.00
2026-02-10,Downtown,Latte,Coffee,42,$4.50,$189.00
2026-02-10,Downtown,Blueberry Muffin,Bakery,21,$2.95,$61.95
02/10/2026,Riverside,Croissant,Bakery,16,$3.25,$52.00
2026-02-10,University ,Latte,Coffee,,$4.50,
2026-02-10,University,Cold Brew,Coffee,23,4.75,$109.25
2026-02-11,University,Cold Brew,Coffee,22,$4.75,$104.50
2026-02-11,Downtown,Croissant,Bakery,27,$3.25,$87.75
02/11/2026,Riverside,Cold Brew,Coffee,15,$4.75,$71.25
2026-02-11,UNIVERSITY,Croissant,Bakery,23,$3.25,$74.75
2026-02-11,University,cappuccino,,32,$4.25,$136.00
02/11/2026,Riverside ,Cappuccino,Coffee,19,$4.25,$80.75
02/11/2026,Riverside,Blueberry Muffin,Bakery,11,$2.95,$32.45
2026-02-11,Downtown,Latte,Coffee,56,$4.50,$252.00
2026-02-11,Downtown,Blueberry Muffin,Bakery,25,$2.95,$73.75
02/11/2026,Riverside,Croissant,Bakery,13,$3.25,$42.25
2026-02-11,University,Blueberry Muffin,Bakery,24,2.95,$70.80
02/11/2026,River Side,Espresso,Coffee,11,$3.00,$33.00
2026-02-11,downtown,Cold Brew,Coffee,28,4.75,
2026-02-11,Downtown,Espresso,Coffee,20,$3.00,$60.00
02/11/2026,Riverside,Latte,Coffee,30,4.5,$135.00
2026-02-11,University,Latte,Coffee,39,$4.50,$175.50
2026-02-11,University,Espresso,Coffee,12,$3.00,$36.00
2026-02-11,Downtown,Cappuccino,Coffee,28,$4.25,$119.00
02/12/2026, Riverside,Blueberry Muffin,Bakery,15,$2.95,$44.25
2026-02-12,University,Blueberry Muffin,Bakery,,$2.95,
02/12/2026,Riverside ,Latte,Coffee,27,4.5,$121.50
2026-02-12,University,Espresso,Coffee,20,$3.00,$60.00
02/12/2026,Riverside,Croissant,Bakery,17,$3.25,$55.25
2026-02-12,University,Croissant,Bakery,25,3.25,$81.25
2026-02-12,Downtown ,Latte,Coffee,54,$4.50,$243.00
2026-02-12,Downtown,Espresso,,29,$3.00,$87.00
2026-02-12,Downtown,Cold brew,Coffee,27,$4.75,$128.25
2026-02-12,University,Latte,Coffee,52,$4.50,$234.00
2026-02-12,University,Cold Brew,Coffee,27,$4.75,$128.25
2026-02-12,University,Cappuccino,Coffee,27,$4.25,$114.75
2026-02-12,Downtown,Croissant,Bakery,26,3.25,$84.50
02/12/2026,Riverside,Cold Brew,Coffee,11,$4.75,$52.25
2026-02-12,Downtown,Cappuccino,Coffee,37,$4.25,$157.25
2026-02-12,Downtown,Blueberry Muffin,Bakery,18,$2.95,$53.10
02/12/2026,Riverside,Cappuccino,,22,$4.25,$93.50
02/12/2026,Riverside,Espresso,Coffee,18,$3.00,$54.00
2026-02-13, Downtown,Blueberry Muffin,Bakery,22,2.95,$64.90
2026-02-13,Downtown,Cold Brew,Coffee,19,4.75,$90.25
2026-02-13,Downtown,Latte,Coffee,56,$4.50,$252.00
2026-02-13,Univ.,Cappuccino,Coffee,32,$4.25,$136.00
2026-02-13,University,Cold Brew,Coffee,32,$4.75,$152.00
02/13/2026,Riverside,Cold Brew,Coffee,14,$4.75,$66.50
2026-02-13,University ,Blueberry Muffin,,18,$2.95,$53.10
02/13/2026,Riverside,Blueberry Muffin,Bakery,14,$2.95,$41.30
2026-02-13,University,Espresso,,18,$3.00,$54.00
02/13/2026,Riverside,Latte,Coffee,15,4.5,$67.50
02/13/2026,Riverside,Espresso,Coffee,11,$3.00,$33.00
2026-02-13,Downtown,Espresso,Coffee,34,3.0,$102.00
02/13/2026,Riverside,Latte,Coffee,15,4.5,$67.50
2026-02-13, Downtown,Cappuccino,Coffee,29,$4.25,$123.25
2026-02-13,University,croissant,Bakery,17,$3.25,$55.25
02/13/2026,riverside,Cappuccino,Coffee,13,$4.25,$55.25
2026-02-13,Univ.,Latte,Coffee,45,$4.50,$202.50
02/13/2026,Riverside,Croissant,Bakery,14,$3.25,$45.50
2026-02-13,Downtown,croissant,Bakery,27,$3.25,$87.75
02/14/2026,Riverside,Cappuccino,Coffee,17,$4.25,$72.25
2026-02-14,Downtown,Croissant,Bakery,35,$3.25,$113.75
02/14/2026,Riverside,Latte,Coffee,31,$4.50,$139.50
2026-02-14,Downtown,cold brew,Coffee,35,$4.75,$166.25
2026-02-14,Downtown,Cappuccino,Coffee,48,$4.25,$204.00
2026-02-14,University,Croissant,Bakery,20,$3.25,$65.00
2026-02-14,University,Espresso,Coffee,27,3.0,$81.00
2026-02-14,Downtown,Croissant,Bakery,35,$3.25,$113.75
02/14/2026,Riverside,Cold Brew,Coffee,29,$4.75,$137.75
2026-02-14,Downtown,cold brew,Coffee,35,$4.75,$166.25
2026-02-14,Downtown,Blueberry Muffin,,20,$2.95,$59.00
2026-02-14,Downtown,Espresso,Coffee,36,$3.00,$108.00
2026-02-14,Downtown,Latte,Coffee,59,$4.50,$265.50
2026-02-14,University,Cappuccino,Coffee,19,4.25,$80.75
2026-02-14,Downtown,Espresso,Coffee,36,$3.00,$108.00
2026-02-14,Downtown,Latte,Coffee,59,$4.50,$265.50
2026-02-14,Downtown,Blueberry Muffin,,20,$2.95,$59.00
2026-02-14,Downtown,Cappuccino,Coffee,48,$4.25,$204.00
02/14/2026,Riverside,Blueberry Muffin,Bakery,15,$2.95,$44.25
02/14/2026,Riverside,Espresso,Coffee,19,$3.00,$57.00
02/14/2026,Riverside,Croissant,Bakery,21,$3.25,$68.25
2026-02-14,University,Blueberry Muffin,Bakery,11,$2.95,$32.45
2026-02-14,University,Cold Brew,Coffee,36,$4.75,$171.00
2026-02-14,University,LATTE,Coffee,35,4.5,$157.50
02/15/2026,Riverside,Cappuccino,Coffee,27,4.25,$114.75
02/15/2026,Riverside,Cold Brew,Coffee,21,4.75,$99.75
2026-02-15,Downtown,Espresso,Coffee,29,$3.00,$87.00
2026-02-15,University,Croissant,Bakery,19,$3.25,$61.75
2026-02-15,Downtown,Latte,Coffee,70,$4.50,$315.00
2026-02-15,Downtown,Cappuccino,Coffee,37,4.25,$157.25
2026-02-15,University,Blueberry Muffin,Bakery,16,$2.95,$47.20
02/15/2026,Riverside,Latte,Coffee,26,4.5,$117.00
02/15/2026,Riverside,Croissant,Bakery,19,$3.25,$61.75
2026-02-15,downtown,Croissant,Bakery,34,3.25,$110.50
2026-02-15,University,Espresso,Coffee,21,$3.00,$63.00
02/15/2026,Riverside,Espresso,Coffee,26,$3.00,$78.00
2026-02-15,Downtown,Cold Brew,Coffee,32,$4.75,$152.00
2026-02-15,University,Cappuccino,Coffee,21,$4.25,$89.25
2026-02-15,University,Cold Brew,Coffee,22,$4.75,$104.50
2026-02-15,University,Latte,Coffee,36,$4.50,$162.00
2026-02-15, Downtown,Blueberry Muffin,Bakery,26,$2.95,$76.70
02/15/2026,Riverside,Blueberry Muffin,Bakery,16,$2.95,$47.20
2026-02-16,University,Cappuccino,Coffee,21,$4.25,$89.25
02/16/2026,Riverside,Espresso,Coffee,19,3.0,$57.00
2026-02-16,Downtown,Croissant,Bakery,26,$3.25,$84.50
2026-02-16,Downtown,Cold Brew,Coffee,24,$4.75,$114.00
02/16/2026,Riverside,Latte,Coffee,30,$4.50,$135.00
2026-02-16,Downtown,Blueberry Muffin,Bakery,21,$2.95,$61.95
2026-02-16,Downtown,Espresso,Coffee,22,$3.00,$66.00
02/16/2026,Riverside,Blueberry Muffin,Bakery,12,$2.95,$35.40
02/16/2026,Riverside ,Cold Brew,Coffee,10,4.75,$47.50
2026-02-16,University ,Espresso,Coffee,19,$3.00,$57.00
2026-02-16,University,Croissant,Bakery,21,$3.25,$68.25
02/16/2026,Riverside,Cappuccino,,20,$4.25,$85.00
2026-02-16,Downtown,Cappuccino,Coffee,25,$4.25,$106.25
2026-02-16,Downtown ,Latte,Coffee,43,$4.50,$193.50
2026-02-16,University,Blueberry Muffin,Bakery,24,$2.95,$70.80
02/16/2026,Riverside,Croissant,Bakery,16,$3.25,$52.00
2026-02-16,University,Cold Brew,Coffee,22,$4.75,$104.50
2026-02-16,University,Latte,Coffee,28,$4.50,$126.00
2026-02-17,Downtown,Blueberry Muffin,Bakery,23,2.95,$67.85
2026-02-17,Downtown,cold brew,Coffee,,$4.75,
2026-02-17,University,Blueberry Muffin,Bakery,15,$2.95,$44.25
02/17/2026,Riverside,Cold Brew,Coffee,8,$4.75,$38.00
02/17/2026,Riverside,Espresso,Coffee,10,$3.00,$30.00
02/17/2026,River Side,Croissant,Bakery,14,$3.25,$45.50
2026-02-17,University,Croissant,Bakery,29,$3.25,$94.25
2026-02-17,Downtown,Latte,Coffee,,4.5,
02/17/2026,Riverside,Blueberry Muffin,Bakery,18,$2.95,$53.10
2026-02-17,University,Espresso,Coffee,19,$3.00,$57.00
2026-02-17,University,Cold Brew,Coffee,22,$4.75,$104.50
2026-02-17,Downtown,Cappuccino,Coffee,42,$4.25,$178.50
02/17/2026,River Side,LATTE,Coffee,31,$4.50,$139.50
2026-02-17,University,Cappuccino,Coffee,32,$4.25,$136.00
2026-02-17,Downtown,Espresso,Coffee,25,$3.00,$75.00
02/17/2026,Riverside ,Cappuccino,Coffee,20,$4.25,$85.00
2026-02-17,Downtown,Croissant ,Bakery,29,$3.25,$94.25
2026-02-17,university,Latte,Coffee,36,4.5,$162.00
2026-02-18,University,Cappuccino,Coffee,34,$4.25,$144.50
2026-02-18,University,Croissant,Bakery,21,$3.25,$68.25
2026-02-18,University,Espresso,Coffee,19,$3.00,$57.00
2026-02-18,Downtown,Espresso,Coffee,24,$3.00,$72.00
2026-02-18,Univ.,Latte,Coffee,36,$4.50,$162.00
2026-02-18,downtown,Cappuccino,Coffee,26,$4.25,$110.50
02/18/2026, Riverside,Croissant,Bakery,14,$3.25,$45.50
02/18/2026,Riverside,Latte,Coffee,24,$4.50,$108.00
2026-02-18,University,Blueberry Muffin,Bakery,12,$2.95,$35.40
2026-02-18,Downtown ,LATTE,Coffee,53,$4.50,$238.50
2026-02-18,Downtown,Blueberry Muffin,Bakery,33,2.95,$97.35
02/18/2026,Riverside ,cappuccino,Coffee,17,$4.25,$72.25
02/18/2026, Riverside,Espresso,Coffee,,$3.00,
2026-02-18,University,Cold Brew,Coffee,25,$4.75,$118.75
02/18/2026,Riverside,cold brew,Coffee,15,$4.75,$71.25
2026-02-18,Downtown,Croissant,Bakery,40,$3.25,$130.00
02/18/2026,Riverside ,Blueberry Muffin,Bakery,12,$2.95,$35.40
2026-02-18,Downtown,Cold Brew,Coffee,35,$4.75,$166.25
2026-02-19,UNIVERSITY,blueberry muffin,Bakery,16,$2.95,$47.20
2026-02-19,Downtown,croissant,Bakery,31,$3.25,$100.75
2026-02-19,UNIVERSITY,Espresso,Coffee,23,$3.00,$69.00
02/19/2026,Riverside,Espresso,Coffee,12,3.0,$36.00
2026-02-19,Downtown,Cold Brew,Coffee,28,4.75,$133.00
2026-02-19,University,Cappuccino,Coffee,27,4.25,$114.75
2026-02-19,University,Cold Brew,Coffee,28,$4.75,$133.00
2026-02-19,Downtown,Blueberry Muffin,Bakery,26,$2.95,$76.70
02/19/2026,Riverside,Latte,Coffee,35,$4.50,$157.50
2026-02-19,Downtown ,Latte,Coffee,,$4.50,
02/19/2026,Riverside,Blueberry Muffin,Bakery,16,2.95,$47.20
2026-02-19,Downtown,Cappuccino,Coffee,22,$4.25,$93.50
2026-02-19,Downtown,Espresso,Coffee,28,$3.00,$84.00
2026-02-19,University,Latte,Coffee,46,$4.50,$207.00
02/19/2026,Riverside,Cold Brew,Coffee,17,$4.75,$80.75
02/19/2026,Riverside,Croissant,Bakery,15,3.25,$48.75
2026-02-19,University,Croissant,Bakery,23,$3.25,$74.75
02/19/2026,Riverside,Cappuccino,Coffee,15,$4.25,$63.75
2026-02-20,University,Cappuccino,Coffee,11,$4.25,$46.75
02/20/2026,Riverside,Croissant,Bakery,18,$3.25,$58.50
2026-02-20,university,Cold Brew,Coffee,21,$4.75,$99.75
2026-02-20,University,Espresso,Coffee,16,$3.00,$48.00
02/20/2026,Riverside,espresso,Coffee,17,$3.00,$51.00
2026-02-20,Downtown,Croissant,Bakery,28,$3.25,$91.00
2026-02-20,University,Croissant,,19,$3.25,$61.75
2026-02-20,downtown,Cold brew,Coffee,30,$4.75,$142.50
02/20/2026,Riverside ,Blueberry Muffin,Bakery,9,$2.95,$26.55
2026-02-20, Downtown,Cappuccino,Coffee,34,$4.25,$144.50
02/20/2026,Riverside,Cold Brew,Coffee,22,4.75,$104.50
2026-02-20,University,Blueberry Muffin,Bakery,19,$2.95,$56.05
2026-02-20,Downtown,Blueberry Muffin,,21,$2.95,$61.95
2026-02-20,University,Latte,Coffee,38,4.5,$171.00
02/20/2026,Riverside,Latte ,Coffee,33,4.5,$148.50
02/20/2026,Riverside,Cappuccino,Coffee,18,$4.25,$76.50
2026-02-20,Downtown,Latte,Coffee,47,$4.50,$211.50
2026-02-20,downtown,Espresso ,Coffee,27,$3.00,$81.00
2026-02-21,University ,Blueberry Muffin,Bakery,15,,$44.25
2026-02-21,Downtown,Latte,Coffee,66,$4.50,$297.00
2026-02-21,University,Cappuccino,Coffee,25,$4.25,$106.25
2026-02-21,Univ.,Croissant,Bakery,19,3.25,$61.75
2026-02-21,University,Espresso,Coffee,24,$3.00,$72.00
02/21/2026,Riverside,Blueberry Muffin,Bakery,11,$2.95,$32.45
02/21/2026,Riverside,Cold Brew,Coffee,15,$4.75,$71.25
02/21/2026,Riverside,Latte,Coffee,32,4.5,$144.00
2026-02-21,Downtown,blueberry muffin,Bakery,28,$2.95,$82.60
2026-02-21,University,Latte,Coffee,33,$4.50,$148.50
2026-02-21,Downtown,Cold Brew,Coffee,31,$4.75,$147.25
02/21/2026,Riverside,Croissant,Bakery,27,$3.25,$87.75
02/21/2026,riverside,Cappuccino,Coffee,30,$4.25,$127.50
2026-02-21,University,Cold Brew,Coffee,16,$4.75,$76.00
2026-02-21,Downtown,Croissant,Bakery,37,3.25,$120.25
02/21/2026,Riverside,Espresso,Coffee,17,$3.00,$51.00
2026-02-21,Downtown,Cappuccino,Coffee,31,,$131.75
2026-02-21,Downtown,Espresso,Coffee,38,$3.00,$114.00
2026-02-22,University,Latte,Coffee,34,4.5,$153.00
02/22/2026, Riverside,Blueberry Muffin,,17,$2.95,$50.15
2026-02-30,Downtown,Espresso,Coffee,39,$3.00,$117.00
02/22/2026,Riverside,Croissant,Bakery,27,$3.25,$87.75
2026-02-22,downtown,Cappuccino,Coffee,39,$4.25,$165.75
02/22/2026,Riverside,Latte,Coffee,44,$4.50,$198.00
2026-02-22,University,Cappuccino,Coffee,22,$4.25,$93.50
2026-02-22,Downtown,Cold Brew,Coffee,31,$4.75,$147.25
2026-02-22,University ,blueberry muffin,Bakery,10,$2.95,$29.50
2026-02-22,Downtown,blueberry muffin,Bakery,30,$2.95,$88.50
02/22/2026,Riverside,Cappuccino,Coffee,15,4.25,$63.75
2026-02-22,University,Espresso,Coffee,23,$3.00,$69.00
2026-02-22,University,Croissant,Bakery,17,$3.25,$55.25
02/22/2026,Riverside,Espresso,Coffee,23,$3.00,$69.00
2026-02-22,Downtown,Croissant,Bakery,30,$3.25,$97.50
02/22/2026,Riverside,Cold Brew,Coffee,22,4.75,$104.50
2026-02-22,Downtown,Latte,Coffee,63,$4.50,$283.50
2026-02-22,University,Cold Brew,Coffee,20,$4.75,$95.00
2026-02-23,Downtown,Blueberry Muffin,Bakery,24,2.95,$70.80
2026-02-23,downtown,Croissant,Bakery,18,$3.25,$58.50
2026-02-23,University,Cold Brew,Coffee,24,$4.75,$114.00
2026-02-23,University,Blueberry Muffin,Bakery,11,$2.95,$32.45
2026-02-23,University,Cappuccino,Coffee,28,$4.25,$119.00
2026-02-23,Downtown,Latte,Coffee,47,$4.50,$211.50
02/23/2026,Riverside,Croissant,Bakery,20,$3.25,$65.00
2026-02-23,Downtown,Espresso,Coffee,29,$3.00,$87.00
2026-02-23,University,Latte,Coffee,41,$4.50,$184.50
02/23/2026,Riverside,Espresso,Coffee,12,3.0,$36.00
2026-02-23,Downtown,Cold Brew,Coffee,29,$4.75,$137.75
02/23/2026,Riverside,Cappuccino,Coffee,20,$4.25,$85.00
2026-02-23,University,Croissant,Bakery,20,$3.25,$65.00
2026-02-23,Downtown , Cappuccino,Coffee,28,$4.25,$119.00
02/23/2026,Riverside,Cold Brew,Coffee,16,$4.75,$76.00
02/23/2026,Riverside,Blueberry Muffin,Bakery,12,$2.95,$35.40
02/23/2026,Riverside,Latte,Coffee,34,$4.50,$153.00
2026-02-23,University,Espresso,Coffee,24,$3.00,$72.00
2026-02-24,Downtown,Latte,Coffee,46,$4.50,$207.00
2026-02-24,University,espresso,Coffee,33,$3.00,$99.00
02/24/2026,Riverside,Blueberry Muffin,Bakery,14,$2.95,$41.30
2026-02-24,Downtown,Croissant,Bakery,36,$3.25,$117.00
2026-02-24,Downtown,Cold Brew,,21,$4.75,$99.75
02/24/2026,Riverside,Croissant,Bakery,12,$3.25,$39.00
2026-02-24,University ,Croissant,Bakery,21,$3.25,$68.25
2026-02-24,University,Cappuccino,Coffee,27,$4.25,$114.75
2026-02-24,Downtown ,Blueberry Muffin,Bakery,16,$2.95,$47.20
2026-02-24,University,Blueberry Muffin,Bakery,26,2.95,$76.70
02/24/2026, Riverside,Latte,Coffee,27,$4.50,$121.50
02/24/2026,Riverside,Espresso,Coffee,16,$3.00,$48.00
2026-02-24,Downtown,Espresso,Coffee,21,$3.00,$63.00
2026-02-24,University,Cold brew,Coffee,28,$4.75,$133.00
2026-02-24,University,Latte,Coffee,47,4.5,$211.50
02/24/2026,Riverside,Cold Brew,Coffee,13,$4.75,$61.75
02/24/2026,Riverside,Cappuccino,Coffee,13,$4.25,$55.25
2026-02-24,Downtown,Cappuccino,Coffee,34,$4.25,$144.50
2026-02-25,Downtown,Croissant,Bakery,37,$3.25,$120.25
02/25/2026,Riverside ,Espresso ,Coffee,27,$3.00,$81.00
2026-02-25,University,Latte,Coffee,54,$4.50,$243.00
02/25/2026, Riverside,Cold Brew,Coffee,14,$4.75,$66.50
2026-02-25,Downtown,Latte,Coffee,46,$4.50,$207.00
02/25/2026,Riverside,Cappuccino,Coffee,20,$4.25,$85.00
02/25/2026,Riverside,Latte,Coffee,25,4.5,$112.50
2026-02-25,Univ.,Blueberry Muffin,Bakery,18,$2.95,$53.10
2026-02-25,Downtown,Blueberry Muffin,Bakery,,$2.95,
2026-02-25,University,Espresso,Coffee,24,$3.00,$72.00
2026-02-25,Downtown,Cold Brew,Coffee,38,4.75,$180.50
2026-02-25,Downtown,Cappuccino,Coffee,43,$4.25,$182.75
02/25/2026,River Side,Croissant,Bakery,17,3.25,$55.25
2026-02-25,University,Cold brew,Coffee,23,$4.75,$109.25
2026-02-25,University,Croissant ,Bakery,22,3.25,$71.50
02/25/2026,Riverside,Blueberry Muffin,Bakery,14,$2.95,$41.30
2026-02-25,Downtown,Espresso,Coffee,21,$3.00,$63.00
2026-02-25,University, Cappuccino,Coffee,31,4.25,$131.75
2026-02-26,Downtown,Latte,Coffee,51,$4.50,$229.50
2026-02-26,University,Espresso,Coffee,21,3.0,$63.00
2026-02-26,Downtown,Cold Brew,Coffee,30,$4.75,$142.50
2026-02-26,downtown,espresso,Coffee,32,$3.00,$96.00
02/26/2026,Riverside,Cold Brew,Coffee,13,4.75,$61.75
2026-02-26,University,Cold Brew,Coffee,22,$4.75,$104.50
02/26/2026,Riverside,Croissant,Bakery,18,$3.25,$58.50
2026-02-26,University,Cappuccino,Coffee,18,$4.25,$76.50
2026-02-26,Downtown,Blueberry Muffin,Bakery,20,$2.95,$59.00
02/26/2026,Riverside,Cappuccino,Coffee,16,$4.25,$68.00
02/26/2026,Riverside,Latte,Coffee,28,$4.50,$126.00
2026-02-26,University,Latte,Coffee,41,$4.50,$184.50
2026-02-26,Downtown,Croissant,Bakery,21,3.25,$68.25
2026-13-01,Downtown,Cappuccino,Coffee,19,$4.25,$80.75
02/26/2026,Riverside,Blueberry Muffin,Bakery,14,2.95,$41.30
2026-02-26,University,Croissant,Bakery,23,3.25,$74.75
02/26/2026,Riverside,Espresso,Coffee,18,3.0,$54.00
2026-02-26,University,Blueberry Muffin,Bakery,19,$2.95,$56.05
2026-02-27,University ,Croissant,Bakery,29,$3.25,$94.25
2026-02-27,University,Cold Brew,Coffee,27,4.75,$128.25
02/27/2026,Riverside ,Cappucino,Coffee,24,4.25,$102.00
2026-02-27,University,Cappuccino,Coffee,23,$4.25,$97.75
02/27/2026,Riverside,cold brew,Coffee,16,$4.75,$76.00
02/27/2026,Riverside,Espresso,Coffee,14,$3.00,$42.00
2026-02-27,UNIVERSITY,Latte,Coffee,40,$4.50,$180.00
2026-02-27,Downtown,Blueberry Muffin,Bakery,28,$2.95,$82.60
2026-02-27,downtown,Latte,Coffee,37,4.5,$166.50
2026-02-27, Downtown,Cappuccino,Coffee,42,4.25,$178.50
02/27/2026,Riverside,Latte,Coffee,20,$4.50,
02/27/2026,Riverside,Blueberry Muffin,Bakery,19,2.95,$56.05
2026-02-27,downtown,Croissant,Bakery,30,$3.25,$97.50
02/27/2026,Riverside,Croissant,Bakery,17,$3.25,$55.25
2026-02-27,Downtown,Cold Brew,Coffee,30,$4.75,$142.50
2026-02-27,Downtown,Espresso,Coffee,24,$3.00,$72.00
2026-02-27,University,Blueberry Muffin,Bakery,17,2.95,$50.15
2026-02-27,University,Espresso,Coffee,25,$3.00,$75.00
2026-02-28,downtown,Espresso,Coffee,36,$3.00,$108.00
02/28/2026,Riverside,Latte,Coffee,33,,$148.50
2026-02-28,Downtown,Croissant,Bakery,38,$3.25,$123.50
02/28/2026,Riverside,Croissant,Bakery,25,$3.25,$81.25
02/28/2026,Riverside,Blueberry Muffin,Bakery,,$2.95,
2026-02-28,Univ.,Latte,Coffee,30,$4.50,$135.00
02/28/2026,Riverside,Cold Brew,Coffee,20,4.75,$95.00
02/28/2026,Riverside,Cappucino,Coffee,27,$4.25,$114.75
2026-02-28,Downtown,Cold Brew,Coffee,39,$4.75,$185.25
2026-02-28,University,Cappuccino,Coffee,,$4.25,
2026-02-28,Downtown,latte,Coffee,64,$4.50,$288.00
2026-02-28,University,Espresso,Coffee,14,$3.00,$42.00
2026-02-28,University,Blueberry Muffin,Bakery,21,$2.95,$61.95
2026-02-28,Downtown,Blueberry Muffin,Bakery,33,2.95,$97.35
2026-02-28,University,Croissant ,Bakery,31,$3.25,$100.75
2026-02-28,Downtown, Cappuccino,,40,$4.25,$170.00
2026-02-28,University,Cold Brew,Coffee,17,$4.75,$80.75
02/28/2026,Riverside,Espresso,Coffee,24,$3.00,$72.00
2026-03-01,Downtown,Cold Brew,Coffee,38,$4.75,$180.50
03/01/2026,Riverside ,Latte,Coffee,29,$4.50,$130.50
03/01/2026,Riverside,Espresso,Coffee,13,3.0,$39.00
2026-03-01,University,Latte,Coffee,32,4.5,$144.00
2026-03-01,Downtown,Croissant,Bakery,36,$3.25,$117.00
03/01/2026,Riverside,Blueberry Muffin,Bakery,13,$2.95,$38.35
2026-03-01,Downtown,Cappuccino,Coffee,50,$4.25,$212.50
03/01/2026,Riverside,Cappuccino,Coffee,22,$4.25,$93.50
2026-03-01,Downtown,Blueberry Muffin,Bakery,23,$2.95,$67.85
2026-03-01,University,Blueberry Muffin,Bakery,18,$2.95,
03/01/2026,Riverside,Cold Brew,Coffee,17,$4.75,$80.75
2026-03-01,Downtown,Latte,Coffee,55,$4.50,$247.50
2026-03-01,University,Croissant,Bakery,16,3.25,$52.00
2026-03-01,University,Cappuccino,Coffee,24,4.25,$102.00
2026-03-01,University,Cold Brew,Coffee,17,$4.75,$80.75
03/01/2026,River Side,Croissant,Bakery,22,3.25,$71.50
2026-03-01,Downtown,Espresso,Coffee,28,3.0,$84.00
2026-03-01,University,Espresso,Coffee,23,$3.00,$69.00
03/02/2026,Riverside,Espresso,Coffee,10,$3.00,$30.00
2026-03-02,university,Croissant,Bakery,26,3.25,$84.50
2026-03-02,DOWNTOWN,Espresso,Coffee,34,$3.00,$102.00
2026-03-02,Downtown,Croissant,Bakery,33,$3.25,$107.25
03/02/2026,Riverside,Croissant,Bakery,26,$3.25,$84.50
03/02/2026,Riverside,Blueberry Muffin,Bakery,17,$2.95,$50.15
2026-03-02,University,Blueberry Muffin,Bakery,15,$2.95,$44.25
2026-03-02,Downtown,Latte ,Coffee,,$4.50,
2026-03-02,University,Latte,Coffee,32,4.5,$144.00
03/02/2026,Riverside,Cold Brew,Coffee,20,4.75,$95.00
2026-03-02,Downtown,Cold Brew,Coffee,33,$4.75,$156.75
2026-03-02,University,Espresso,Coffee,21,$3.00,$63.00
2026-03-02,Downtown,Cappuccino,Coffee,42,4.25,$178.50
2026-03-02,Downtown,Blueberry Muffin,Bakery,16,$2.95,$47.20
03/02/2026,River Side,Latte,Coffee,30,$4.50,$135.00
03/02/2026,Riverside,Cappuccino,Coffee,15,$4.25,$63.75
2026-03-02,University,Cappuccino,Coffee,34,4.25,$144.50
2026-03-02,University,Cold Brew,Coffee,28,$4.75,$133.00
2026-03-03,University,blueberry muffin,Bakery,14,$2.95,$41.30
2026-03-03,University,Croissant,Bakery,24,$3.25,$78.00
2026-03-03,University,Cold Brew,Coffee,21,$4.75,$99.75
unknown,University,cappuccino,Coffee,26,$4.25,$110.50
2026-03-03,University,Latte,Coffee,35,$4.50,$157.50
03/03/2026,Riverside,Cold Brew,Coffee,16,$4.75,$76.00
03/03/2026,Riverside,Croissant,Bakery,22,$3.25,$71.50
2026-03-03,Downtown,Espresso,,34,$3.00,$102.00
2026-03-03,DOWNTOWN,Cappuccino,Coffee,37,$4.25,$157.25
2026-03-03,Downtown,Blueberry Muffin,Bakery,18,2.95,$53.10
2026-03-03,Downtown,Latte,Coffee,52,4.5,$234.00
2026-03-03,Downtown,Croissant,Bakery,28,$3.25,$91.00
03/03/2026,Riverside,Cappuccino,Coffee,21,$4.25,$89.25
03/03/2026,Riverside,Latte,Coffee,31,$4.50,$139.50
03/03/2026,Riverside ,Blueberry Muffin,Bakery,12,2.95,$35.40
2026-03-03,downtown,Cold Brew,Coffee,23,$4.75,$109.25
03/03/2026,River Side,Espresso,Coffee,15,3.0,$45.00
2026-03-03,UNIVERSITY,Espresso,Coffee,25,$3.00,$75.00
2026-03-04,Downtown,latte,Coffee,43,$4.50,$193.50
2026-03-04,University,Cappuccino,Coffee,24,$4.25,$102.00
2026-03-04,DOWNTOWN,Croissant,Bakery,37,$3.25,$120.25
2026-03-04,University,blueberry muffin,Bakery,26,$2.95,$76.70
03/04/2026,Riverside,Espresso,Coffee,17,$3.00,$51.00
2026-03-04,downtown,Blueberry Muffin,Bakery,25,2.95,$73.75
2026-03-04,Downtown,Espresso,Coffee,23,$3.00,$69.00
03/04/2026,Riverside,Cappuccino,Coffee,16,$4.25,$68.00
2026-03-04,University,Latte,Coffee,37,4.5,$166.50
03/04/2026,Riverside,Croissant,Bakery,13,3.25,$42.25
03/04/2026,Riverside,Cold brew,Coffee,18,4.75,$85.50
03/04/2026,Riverside,Blueberry Muffin,Bakery,14,$2.95,$41.30
2026-03-04,University,Espresso,Coffee,25,3.0,$75.00
2026-03-04,University,Cold Brew,Coffee,23,$4.75,$109.25
2026-03-04,Downtown,Croissant,Bakery,37,$3.25,$120.25
2026-03-04,University,Croissant,Bakery,23,$3.25,$74.75
2026-03-04,Downtown,Cold Brew,Coffee,29,$4.75,$137.75
2026-03-04,Downtown,Cappuccino,Coffee,39,$4.25,$165.75
03/04/2026,Riverside ,Latte,Coffee,21,$4.50,$94.50
2026-03-05,University,Latte,Coffee,50,$4.50,$225.00
2026-03-05,University,Croissant,Bakery,24,$3.25,$78.00
03/05/2026,Riverside,Espresso,Coffee,11,$3.00,$33.00
2026-03-05,Downtown,Blueberry Muffin,Bakery,21,2.95,$61.95
2026-03-05,DOWNTOWN,Croissant,,29,$3.25,
03/05/2026,Riverside,Croissant,Bakery,19,$3.25,$61.75
03/05/2026,Riverside,Cold brew,Coffee,16,4.75,$76.00
2026-03-05,University,Blueberry Muffin,Bakery,15,$2.95,$44.25
2026-03-05,Downtown,Latte,Coffee,39,$4.50,$175.50
2026-03-05,University,Cold-Brew,Coffee,25,$4.75,$118.75
03/05/2026,Riverside,Cappuccino,Coffee,22,$4.25,$93.50
03/05/2026,Riverside,Latte,Coffee,,$4.50,
2026-03-05,University,Espresso,Coffee,35,$3.00,$105.00
03/05/2026,Riverside,Blueberry Muffin,Bakery,14,$2.95,$41.30
2026-03-05,Downtown, Cappuccino,Coffee,36,4.25,$153.00
03/05/2026,Riverside,Croissant,Bakery,19,$3.25,$61.75
2026-03-05,Downtown,Espresso,Coffee,29,3.0,$87.00
2026-03-05,Downtown,Cold Brew,,33,$4.75,$156.75
2026-03-05,university,Cappuccino,Coffee,30,$4.25,$127.50
03/06/2026,riverside,cappuccino,Coffee,14,$4.25,$59.50
2026-03-06,Downtown,Espresso,Coffee,31,3.0,$93.00
03/06/2026,Riverside,Cold Brew,Coffee,18,$4.75,$85.50
2026-03-06,Univ.,Espresso,Coffee,16,$3.00,$48.00
03/06/2026,Riverside ,Espresso,Coffee,17,$3.00,$51.00
2026-03-06,Downtown,Cold Brew,Coffee,37,4.75,
2026-03-06,University,Croissant,Bakery,21,$3.25,$68.25
2026-03-06,Downtown,Cappuccino,Coffee,29,$4.25,$123.25
2026-03-06,Downtown,Blueberry muffin,Bakery,21,2.95,$61.95
2026-03-06,University,Blueberry Muffin,Bakery,16,$2.95,$47.20
2026-03-06,Downtown,Latte,Coffee,46,$4.50,$207.00
2026-03-06,Downtown,Croissant,Bakery,27,3.25,$87.75
03/06/2026,Riverside,LATTE,Coffee,28,$4.50,$126.00
03/06/2026,Riverside,Blueberry Muffin,Bakery,14,2.95,$41.30
2026-03-06,University,Cold Brew,Coffee,17,$4.75,$80.75
2026-03-06,University,Cappuccino,Coffee,21,$4.25,$89.25
2026-03-06,University,Latte,Coffee,39,$4.50,$175.50
03/06/2026,Riverside,Croissant,Bakery,20,$3.25,$65.00
2026-03-07,University,blueberry muffin,Bakery,19,$2.95,$56.05
2026-03-07,University,Croissant,Bakery,23,3.25,$74.75
2026-03-07,University,Cold Brew,Coffee,14,$4.75,$66.50
2026-03-07,Downtown,Blueberry Muffin,,30,$2.95,$88.50
2026-03-07,Downtown,Latte,Coffee,47,$4.50,$211.50
2026-03-07,University,Espresso,Coffee,21,$3.00,$63.00
2026-03-07,Downtown,Croissant,Bakery,35,$3.25,$113.75
2026-03-07, Downtown,Cold Brew,Coffee,32,$4.75,$152.00
03/07/2026,Riverside,Blueberry muffin,Bakery,14,$2.95,$41.30
2026-03-07,Downtown,Cappuccino,Coffee,30,$4.25,$127.50
03/07/2026,Riverside,Croissant,Bakery,22,$3.25,$71.50
03/07/2026,Riverside,Latte,Coffee,48,,$216.00
2026-03-07,University,Latte,Coffee,41,$4.50,$184.50
2026-03-07,University,Cappuccino,Coffee,20,$4.25,$85.00
03/07/2026,Riverside,Cold Brew,Coffee,21,$4.75,$99.75
03/07/2026,Riverside,Espresso,Coffee,17,3.0,$51.00
03/07/2026,riverside,Cappuccino,Coffee,22,4.25,$93.50
2026-03-07,DOWNTOWN,Espresso,Coffee,26,$3.00,$78.00
2026-03-08,University,Cold Brew,,30,$4.75,$142.50
2026-03-08,Downtown,Cappuccino,Coffee,49,4.25,$208.25
03/08/2026,Riverside,Espresso,Coffee,21,$3.00,$63.00
03/08/2026,Riverside,Cold Brew,Coffee,24,$4.75,$114.00
2026-03-08,Downtown,Cold Brew,Coffee,34,$4.75,$161.50
2026-03-08,university,espresso,Coffee,18,$3.00,$54.00
2026-03-08,University,Latte,Coffee,39,4.5,$175.50
03/08/2026, Riverside,Latte,Coffee,38,$4.50,$171.00
2026-03-08,University,Croissant,Bakery,28,$3.25,$91.00
2026-03-08,Downtown,Latte,Coffee,65,$4.50,$292.50
2026-03-08,Downtown,blueberry muffin,Bakery,23,2.95,$67.85
03/08/2026,Riverside,Cappucino,Coffee,20,$4.25,$85.00
2026-03-08,Downtown,Espresso,Coffee,31,3.0,$93.00
2026-03-08,University,blueberry muffin,Bakery,18,$2.95,$53.10
2026-03-08,downtown,Croissant,Bakery,41,3.25,$133.25
03/08/2026,Riverside,Croissant,Bakery,20,$3.25,$65.00
03/08/2026,Riverside ,Blueberry Muffin,Bakery,15,$2.95,$44.25
2026-03-08,University,Cappuccino,Coffee,23,$4.25,$97.75
2026-03-09,Downtown,Blueberry Muffin,Bakery,26,$2.95,$76.70
03/09/2026,Riverside,Cold Brew,Coffee,15,$4.75,$71.25
2026-03-09,University,Cappuccino,Coffee,28,$4.25,$119.00
2026-03-09,University,Espresso,Coffee,26,$3.00,$78.00
03/09/2026,Riverside,Latte,Coffee,31,$4.50,$139.50
2026-03-09,UNIVERSITY,Latte,Coffee,33,$4.50,$148.50
03/09/2026,Riverside,Blueberry muffin,Bakery,13,$2.95,$38.35
03/09/2026,Riverside,Croissant,Bakery,21,$3.25,$68.25
2026-03-09,University,Blueberry Muffin,Bakery,15,$2.95,$44.25
2026-03-09,Downtown,Croissant,Bakery,26,$3.25,$84.50
03/09/2026,Riverside,Espresso,Coffee,25,$3.00,$75.00
2026-03-09,Downtown,Cappuccino,Coffee,31,$4.25,$131.75
03/09/2026,Riverside, Cappuccino,Coffee,17,$4.25,$72.25
2026-03-09,Downtown,Cold Brew,Coffee,33,4.75,$156.75
2026-03-09,Downtown,Latte,Coffee,57,$4.50,$256.50
2026-03-09,Univ.,Cold Brew,Coffee,24,$4.75,$114.00
2026-03-09,Downtown,Espresso,Coffee,32,3.0,$96.00
2026-03-09,University,Croissant ,Bakery,16,$3.25,$52.00
2026-03-10,Downtown,Croissant,Bakery,25,$3.25,$81.25
2026-03-10,Univ.,blueberry muffin,Bakery,16,$2.95,$47.20
2026-03-10,University,Latte,Coffee,30,4.5,$135.00
2026-03-10,Downtown ,Blueberry Muffin,Bakery,24,$2.95,$70.80
03/10/2026,Riverside,Cold Brew,Coffee,16,$4.75,$76.00
2026-03-10,University,Cappuccino,Coffee,30,$4.25,$127.50
03/10/2026,Riverside,Espresso,Coffee,20,$3.00,$60.00
2026-03-10,Downtown,Latte,Coffee,45,$4.50,$202.50
03/10/2026,Riverside,Croissant,Bakery,13,$3.25,$42.25
2026-03-10,Downtown,cold brew,Coffee,29,$4.75,$137.75
03/10/2026,River Side,Latte,Coffee,,$4.50,
2026-03-10,University,Cold Brew,Coffee,31,$4.75,$147.25
03/10/2026,Riverside,Blueberry Muffin,Bakery,,$2.95,
2026-03-10,University,Espresso,Coffee,21,$3.00,$63.00
2026-03-10,Downtown,Espresso,Coffee,22,$3.00,$66.00
2026-03-10,downtown,Cappuccino,Coffee,28,$4.25,$119.00
2026-03-10,Univ.,Croissant,Bakery,29,$3.25,$94.25
03/10/2026,Riverside,Cappuccino,Coffee,25,4.25,$106.25
2026-03-11,downtown,Espresso,Coffee,37,$3.00,$111.00
2026-03-11, Downtown,Blueberry Muffin,Bakery,26,$2.95,
03/11/2026,Riverside,Croissant,Bakery,26,3.25,$84.50
2026-03-11,Downtown,Croissant ,Bakery,21,$3.25,$68.25
2026-03-11,University,Espresso,Coffee,28,3.0,$84.00
03/11/2026,Riverside,Cold Brew,Coffee,26,$4.75,$123.50
2026-03-11,University,Croissant,Bakery,18,$3.25,$58.50
03/11/2026,Riverside,Espresso,Coffee,17,3.0,$51.00
2026-03-11,University,Cold Brew,Coffee,15,4.75,$71.25
2026-03-11,Downtown,Latte,Coffee,41,4.5,$184.50
2026-03-11,University,Latte,Coffee,52,$4.50,$234.00
2026-03-11,University,Cappuccino,Coffee,27,$4.25,$114.75
unknown,River Side,Cappuccino,Coffee,20,$4.25,$85.00
2026-03-11,University,Blueberry Muffin,Bakery,14,$2.95,$41.30
2026-03-11, Downtown,Cold Brew,Coffee,23,$4.75,$109.25
03/11/2026,Riverside,Latte,Coffee,31,$4.50,$139.50
2026-03-11,Downtown,Cappuccino,Coffee,36,$4.25,$153.00
03/11/2026,Riverside ,Blueberry Muffin,Bakery,8,$2.95,$23.60
03/12/2026,Riverside,Espresso,Coffee,25,$3.00,$75.00
03/12/2026,Riverside ,Cold Brew,Coffee,26,$4.75,$123.50
03/12/2026,Riverside,Blueberry Muffin,Bakery,12,$2.95,$35.40
2026-03-12,University,Croissant,Bakery,25,$3.25,$81.25
2026-03-12,University,Cappuccino,Coffee,29,$4.25,$123.25
2026-03-12,University,Latte,Coffee,43,4.5,$193.50
2026-03-12,University,Espresso,Coffee,26,$3.00,$78.00
2026-03-12,University,Cold Brew,Coffee,24,$4.75,$114.00
03/12/2026,RIVERSIDE,Latte,Coffee,26,$4.50,$117.00
2026-03-12,University,Blueberry Muffin,Bakery,13,$2.95,$38.35
2026-03-12,Downtown,Croissant,Bakery,27,$3.25,$87.75
2026-03-12,Downtown,Cold-Brew,Coffee,30,$4.75,$142.50
03/12/2026,Riverside,Cappuccino,Coffee,26,$4.25,$110.50
03/12/2026,Riverside,Latte,Coffee,26,$4.50,$117.00
2026-03-12,Downtown,Espresso,Coffee,-3,$3.00,$-9.00
2026-03-12,Downtown,Latte,Coffee,57,$4.50,$256.50
2026-03-12,Downtown,Blueberry Muffin,Bakery,20,$2.95,$59.00
2026-03-12,Downtown,Cappuccino,Coffee,27,4.25,$114.75
03/12/2026,Riverside,Croissant,Bakery,12,$3.25,$39.00
2026-03-13,University,Latte,Coffee,33,$4.50,$148.50
03/13/2026,Riverside,Cappuccino,Coffee,22,$4.25,$93.50
2026-03-13,University,Blueberry Muffin,Bakery,21,$2.95,$61.95
03/13/2026,Riverside,Croissant,Bakery,14,$3.25,$45.50
03/13/2026,Riverside,Cold Brew,Coffee,15,$4.75,$71.25
03/13/2026,Riverside,Latte,Coffee,26,$4.50,$117.00
2026-03-13,Downtown,Cold Brew,Coffee,34,4.75,$161.50
2026-03-13,Downtown,Blueberry Muffin,Bakery,15,2.95,$44.25
03/13/2026,Riverside,Espresso,Coffee,16,3.0,$48.00
2026-03-13,University, Cappuccino,Coffee,39,$4.25,$165.75
2026-03-13,Downtown,Latte,Coffee,45,4.5,$202.50
2026-03-13,Downtown,Cappuccino,,26,$4.25,$110.50
2026-03-13,Downtown,Croissant,Bakery,22,$3.25,$71.50
2026-03-13,University,Cold Brew,Coffee,38,$4.75,$180.50
2026-03-13,Univ.,Croissant,Bakery,27,$3.25,
2026-03-13,University,Cold Brew,Coffee,38,$4.75,$180.50
03/13/2026,Riverside,Blueberry Muffin,Bakery,15,$2.95,$44.25
2026-03-13,University,Espresso,Coffee,20,$3.00,$60.00
2026-03-13,Downtown,Espresso,Coffee,35,$3.00,$105.00
2026-03-14,Downtown,Blueberry Muffin,Bakery,41,$2.95,$120.95
2026-03-14,university,croissant,Bakery,22,$3.25,$71.50
2026-03-14,Downtown,Cold Brew,Coffee,46,$4.75,$218.50
2026-03-14,Downtown,Blueberry Muffin,Bakery,41,$2.95,$120.95
2026-03-14,University,Blueberry Muffin,Bakery,14,$2.95,$41.30
03/14/2026,Riverside,Blueberry Muffin,Bakery,17,$2.95,$50.15
2026-03-14,University,Cold Brew,Coffee,31,$4.75,$147.25
2026-03-14,University,Espresso,Coffee,22,3.0,$66.00
2026-03-14,Downtown,espresso,Coffee,26,$3.00,$78.00
2026-03-14,University,Cappuccino,Coffee,25,$4.25,$106.25
2026-03-14,Downtown,Cappuccino,Coffee,45,$4.25,$191.25
03/14/2026,Riverside,Cappuccino,Coffee,28,$4.25,$119.00
03/14/2026,Riverside,Latte,Coffee,26,$4.50,$117.00
2026-03-14,University,Latte,Coffee,23,$4.50,$103.50
2026-03-14,Downtown,Latte,Coffee,59,$4.50,$265.50
03/14/2026,Riverside,Croissant,Bakery,,$3.25,
03/14/2026,Riverside,Espresso,Coffee,23,$3.00,$69.00
03/14/2026,Riverside,Cold Brew,Coffee,25,$4.75,$118.75
2026-03-14, Downtown,Croissant,Bakery,39,$3.25,$126.75
03/15/2026,Riverside,Espresso,Coffee,21,$3.00,$63.00
2026-03-15,University,Espresso,Coffee,19,$3.00,$57.00
03/15/2026,Riverside,Cold Brew,Coffee,25,$4.75,$118.75
03/15/2026,Riverside,Cappuccino,Coffee,22,4.25,$93.50
03/15/2026,Riverside,Croissant,Bakery,20,$3.25,$65.00
2026-03-15,Downtown,Blueberry Muffin,Bakery,23,$2.95,$67.85
2026-03-15,University,Blueberry Muffin,Bakery,16,2.95,$47.20
2026-03-15,University,Cold Brew,Coffee,9,4.75,$42.75
2026-03-15,University ,Latte,Coffee,40,4.5,$180.00
2026-03-15,University,Croissant,Bakery,10,$3.25,
2026-03-15,Downtown,Croissant,Bakery,36,$3.25,$117.00
2026-03-15,Downtown ,Cappuccino,Coffee,44,,$187.00
2026-03-15,Downtown,Espresso,Coffee,48,$3.00,$144.00
03/15/2026,Riverside,Blueberry Muffin,Bakery,19,$2.95,$56.05
2026-03-15,Downtown,Cold Brew,Coffee,37,$4.75,$175.75
2026-03-15,Downtown,Latte,,60,$4.50,$270.00
03/15/2026,Riverside,Latte,Coffee,39,$4.50,$175.50
2026-03-15,University,Cappuccino,Coffee,28,$4.25,$119.00
03/16/2026,River Side,Cappuccino,Coffee,20,4.25,$85.00
03/16/2026, Riverside,croissant,Bakery,18,$3.25,$58.50
2026-03-16,Downtown,Cappuccino,Coffee,42,$4.25,$178.50
03/16/2026,Riverside,Cold Brew,Coffee,,$4.75,
03/16/2026,Riverside,Espresso,Coffee,19,$3.00,$57.00
03/16/2026,Riverside,Blueberry Muffin,Bakery,15,$2.95,$44.25
2026-03-16,University,Latte,Coffee,33,$4.50,$148.50
2026-03-16,University,Cappuccino,Coffee,26,$4.25,$110.50
2026-03-16,University,Blueberry Muffin,Bakery,11,$2.95,$32.45
2026-03-16,Downtown,Blueberry Muffin,Bakery,20,2.95,$59.00
2026-03-16,University ,Croissant,Bakery,41,$3.25,$133.25
2026-03-16,Downtown,Cold Brew,Coffee,33,4.75,$156.75
2026-03-16,University,Cold Brew,Coffee,19,$4.75,$90.25
2026-03-16,Downtown,Latte,Coffee,61,$4.50,$274.50
03/16/2026,Riverside,Latte,Coffee,19,4.5,$85.50
2026-03-16,Downtown,Croissant,Bakery,31,$3.25,$100.75
2026-03-16,UNIVERSITY,Espresso,Coffee,30,$3.00,$90.00
2026-03-16,Downtown,Espresso,Coffee,21,$3.00,$63.00
2026-03-17,Downtown,Croissant,Bakery,34,$3.25,$110.50
2026-03-17,Downtown,Latte ,Coffee,46,$4.50,$207.00
03/17/2026,RIVERSIDE,Cappuccino,Coffee,19,$4.25,$80.75
2026-03-17,Downtown ,Cold-Brew,Coffee,40,$4.75,$190.00
03/17/2026,Riverside,Cappuccino,Coffee,19,$4.25,$80.75
2026-03-17,University,Latte,Coffee,28,$4.50,$126.00
2026-03-17,Downtown, Cappuccino,,37,$4.25,$157.25
2026-03-17,Downtown,Blueberry Muffin,Bakery,18,$2.95,$53.10
03/17/2026,Riverside ,Croissant,Bakery,19,3.25,$61.75
2026-03-17,UNIVERSITY,Croissant,Bakery,32,$3.25,$104.00
03/17/2026,Riverside,Cold Brew,Coffee,22,$4.75,$104.50
2026-03-17,University,Cappuccino,Coffee,24,$4.25,$102.00
2026-03-17,DOWNTOWN,Espresso,Coffee,28,$3.00,$84.00
03/17/2026,Riverside,Espresso,Coffee,14,$3.00,$42.00
03/17/2026,Riverside,LATTE,Coffee,32,$4.50,$144.00
2026-03-17,University,Espresso,Coffee,23,$3.00,$69.00
03/17/2026,Riverside,Blueberry Muffin,Bakery,13,$2.95,$38.35
2026-03-17,University,Cold Brew,Coffee,22,4.75,$104.50
2026-03-17,University,Blueberry Muffin,Bakery,21,2.95,$61.95
2026-03-18,University,Cold Brew,Coffee,33,$4.75,$156.75
03/18/2026,Riverside,Cold Brew,Coffee,,$4.75,
03/18/2026,Riverside,Cappuccino,Coffee,20,$4.25,$85.00
2026-03-18,University,Espresso,Coffee,25,$3.00,$75.00
2026-03-18,Downtown,Espresso,Coffee,29,$3.00,$87.00
03/18/2026,River Side,Latte,Coffee,32,$4.50,$144.00
2026-03-18,University,Latte,Coffee,34,$4.50,$153.00
2026-03-18,Downtown,Cappuccino,Coffee,46,$4.25,$195.50
2026-03-18,University,Croissant,Bakery,28,$3.25,$91.00
03/18/2026,Riverside,Croissant,Bakery,25,$3.25,$81.25
03/18/2026,Riverside,Blueberry Muffin,Bakery,15,$2.95,$44.25
03/18/2026,Riverside,Espresso ,Coffee,15,$3.00,$45.00
2026-03-18,DOWNTOWN,Cappuccino,Coffee,46,$4.25,$195.50
2026-03-18,University,Blueberry Muffin,Bakery,17,2.95,$50.15
2026-03-18,Downtown,Latte,Coffee,52,$4.50,$234.00
2026-03-18,Downtown,Cold Brew,Coffee,32,$4.75,$152.00
2026-03-18,Downtown,Croissant ,Bakery,38,$3.25,$123.50
2026-03-18,Downtown,Blueberry Muffin,Bakery,27,2.95,$79.65
2026-03-18,University,Cappuccino,Coffee,29,$4.25,$123.25
2026-03-19,Downtown,cappuccino,Coffee,26,$4.25,$110.50
2026-03-19,University,Cappuccino,Coffee,31,$4.25,$131.75
03/19/2026,Riverside,Blueberry Muffin,Bakery,13,2.95,$38.35
2026-03-19,University,Blueberry Muffin,Bakery,25,2.95,$73.75
2026-03-19,Downtown,Cold-Brew,Coffee,34,$4.75,$161.50
2026-03-19,Downtown,blueberry muffin,Bakery,29,$2.95,$85.55
03/19/2026,Riverside,Espresso,Coffee,22,$3.00,$66.00
03/19/2026,Riverside,Cold Brew,Coffee,17,$4.75,$80.75
2026-03-19,university,Latte,Coffee,39,4.5,$175.50
2026-03-19,University,Cold brew,Coffee,22,4.75,$104.50
2026-03-19,University,Espresso ,Coffee,12,$3.00,$36.00
03/19/2026,Riverside,Cappuccino,Coffee,26,$4.25,$110.50
2026-03-19,Downtown,Latte,Coffee,51,$4.50,$229.50
2026-03-19,Downtown,Croissant,Bakery,23,$3.25,$74.75
2026-03-19,University,Croissant,Bakery,19,$3.25,$61.75
03/19/2026,Riverside,Latte,Coffee,,$4.50,
03/19/2026,Riverside,Croissant,Bakery,15,$3.25,$48.75
2026-03-19,Downtown,Espresso,Coffee,29,$3.00,$87.00
03/20/2026,Riverside,Croissant,Bakery,28,$3.25,$91.00
03/20/2026,Riverside,Espresso,Coffee,15,$3.00,$45.00
2026-03-20,Downtown,Latte,Coffee,55,$4.50,$247.50
2026-03-20,Downtown,Croissant,Bakery,38,3.25,$123.50
2026-03-20,University,Espresso,Coffee,20,3.0,$60.00
2026-03-20,University,Croissant,Bakery,29,$3.25,$94.25
2026-03-20,University,Cappuccino,Coffee,33,$4.25,$140.25
03/20/2026,Riverside,Cold Brew,Coffee,24,$4.75,$114.00
03/20/2026,Riverside,Latte,Coffee,34,$4.50,$153.00
2026-03-20,Downtown,Cappuccino,,44,$4.25,$187.00
2026-03-20,Downtown,Blueberry Muffin,Bakery,28,2.95,$82.60
03/20/2026,Riverside,Cappuccino,Coffee,24,$4.25,$102.00
2026-03-20,University,Blueberry Muffin,Bakery,17,,$50.15
2026-03-20,Downtown,Cold Brew,Coffee,41,4.75,$194.75
2026-03-20,University,Latte,Coffee,36,$4.50,$162.00
03/20/2026,Riverside,Blueberry Muffin,Bakery,11,$2.95,$32.45
2026-03-20,University,Cold Brew,Coffee,31,$4.75,$147.25
2026-03-20,Downtown,Espresso,Coffee,30,3.0,$90.00
2026-03-21,Downtown,Latte,Coffee,79,$4.50,$355.50
2026-03-21,University,Cold Brew,Coffee,23,$4.75,$109.25
2026-03-21,University,Cappuccino,,26,$4.25,$110.50
03/21/2026,Riverside,Blueberry Muffin,Bakery,14,$2.95,$41.30
2026-03-21,University,Latte,Coffee,32,$4.50,$144.00
2026-03-21,University,Blueberry muffin,Bakery,22,$2.95,$64.90
03/21/2026,Riverside,Croissant,Bakery,27,$3.25,$87.75
03/21/2026,Riverside,Latte,Coffee,38,$4.50,$171.00
03/21/2026,Riverside,Espresso,Coffee,22,$3.00,$66.00
03/21/2026,Riverside,Cappuccino,Coffee,26,$4.25,$110.50
2026-03-21,Downtown,Croissant,Bakery,43,$3.25,$139.75
2026-03-21, Downtown,Espresso,Coffee,36,3.0,$108.00
2026-03-21,University,Espresso,Coffee,18,3.0,$54.00
03/21/2026,Riverside,Cold Brew,Coffee,30,$4.75,$142.50
2026-03-21,University,Croissant,Bakery,24,3.25,$78.00
2026-03-21,DOWNTOWN,Cold Brew,,36,$4.75,$171.00
2026-03-21,Downtown,Blueberry Muffin,Bakery,31,2.95,$91.45
2026-03-21,Downtown,Cappuccino,Coffee,35,$4.25,$148.75
03/22/2026,Riverside ,Blueberry Muffin,Bakery,16,$2.95,$47.20
2026-03-22,DOWNTOWN,Espresso,Coffee,42,$3.00,$126.00
2026-03-22,University ,Latte,Coffee,43,$4.50,$193.50
2026-02-30,University,Blueberry Muffin,Bakery,15,2.95,$44.25
2026-03-22,Univ.,Espresso,Coffee,14,$3.00,$42.00
03/22/2026,Riverside,Latte,Coffee,32,$4.50,$144.00
2026-03-22,Downtown,Blueberry Muffin,Bakery,27,$2.95,$79.65
03/22/2026,Riverside,Croissant,Bakery,26,$3.25,$84.50
2026-03-22,Downtown,Croissant,Bakery,36,$3.25,$117.00
2026-03-22,Downtown,Cold Brew,Coffee,39,$4.75,$185.25
2026-03-22,University,Cappuccino,Coffee,31,4.25,$131.75
2026-03-22,University,Croissant,Bakery,17,$3.25,$55.25
2026-03-22,Downtown,Latte,Coffee,60,$4.50,$270.00
2026-03-22,University,Croissant,Bakery,17,$3.25,$55.25
03/22/2026,Riverside,Espresso,Coffee,18,$3.00,$54.00
03/22/2026, Riverside,Cappuccino,Coffee,22,4.25,$93.50
2026-03-22,Downtown,Cappuccino,Coffee,38,$4.25,$161.50
2026-03-22,University,Cold Brew,Coffee,19,4.75,$90.25
03/22/2026,Riverside,Cold Brew,Coffee,21,$4.75,$99.75
03/23/2026,Riverside,Latte,Coffee,39,$4.50,$175.50
2026-03-23,University ,Espresso,Coffee,29,$3.00,$87.00
2026-03-23,Downtown,Cappuccino,Coffee,37,4.25,$157.25
2026-03-23,Downtown,Croissant,Bakery,36,$3.25,$117.00
03/23/2026,riverside,Croissant,Bakery,29,$3.25,$94.25
2026-03-23,Downtown,Latte,Coffee,48,$4.50,$216.00
2026-03-23,University,cappuccino,Coffee,17,$4.25,$72.25
2026-03-23,University,Blueberry Muffin,Bakery,24,$2.95,$70.80
03/23/2026,Riverside,Cappucino,Coffee,22,$4.25,$93.50
2026-03-23,Downtown,Espresso,Coffee,23,$3.00,$69.00
2026-03-23,University,Latte,Coffee,41,$4.50,$184.50
2026-03-23,Downtown,Blueberry Muffin,,21,,$61.95
03/23/2026,Riverside,Blueberry Muffin,Bakery,16,2.95,$47.20
2026-03-23,University,Cold Brew,Coffee,24,4.75,$114.00
2026-03-23,University,Croissant,Bakery,24,$3.25,$78.00
03/23/2026,Riverside,Cold Brew,Coffee,25,4.75,$118.75
03/23/2026,Riverside,Espresso,Coffee,19,$3.00,$57.00
2026-03-23,downtown,Cold Brew,Coffee,25,$4.75,$118.75
2026-03-24,University,Cold Brew,Coffee,26,$4.75,$123.50
03/24/2026,Riverside,Latte,Coffee,20,$4.50,$90.00
03/24/2026,Riverside,Espresso,Coffee,24,$3.00,$72.00
2026-03-24,University,Espresso,Coffee,19,$3.00,$57.00
2026-03-24,Downtown,Espresso,Coffee,30,3.0,$90.00
03/24/2026,Riverside,Cold Brew,Coffee,22,$4.75,$104.50
2026-03-24,University,Cappuccino,Coffee,19,$4.25,$80.75
2026-03-24,Downtown,Croissant,Bakery,39,$3.25,$126.75
2026-03-24,Downtown,Cappuccino,Coffee,41,4.25,$174.25
2026-03-24,University,Croissant,Bakery,24,$3.25,$78.00
2026-03-24,University,Blueberry Muffin,Bakery,15,$2.95,$44.25
2026-03-24,Downtown,blueberry muffin,Bakery,16,$2.95,$47.20
03/24/2026,River Side,Cappuccino,Coffee,20,$4.25,$85.00
03/24/2026,Riverside,Croissant,Bakery,22,$3.25,$71.50
03/24/2026,Riverside,Croissant,Bakery,22,$3.25,$71.50
03/24/2026,Riverside,blueberry muffin,Bakery,16,$2.95,$47.20
2026-03-24, Downtown,Latte,Coffee,45,4.5,$202.50
2026-03-24,Downtown,Cold Brew,Coffee,29,$4.75,$137.75
2026-03-24,University,Latte,Coffee,36,4.5,$162.00
2026-03-25,Downtown,Latte,Coffee,65,$4.50,$292.50
03/25/2026,Riverside,Espresso ,Coffee,17,3.0,$51.00
03/25/2026,Riverside,Blueberry Muffin,,14,$2.95,$41.30
2026-03-25,Downtown,Espresso,Coffee,20,$3.00,
03/25/2026,Riverside,Latte,Coffee,30,$4.50,$135.00
2026-03-25,University,Croissant,Bakery,280,$3.25,$910.00
2026-03-25,Downtown,Cold Brew,Coffee,50,4.75,$237.50
03/25/2026,Riverside,Cappuccino,Coffee,19,$4.25,$80.75
2026-03-25,University,blueberry muffin,Bakery,27,$2.95,$79.65
2026-03-25,Downtown ,Cappuccino,Coffee,35,$4.25,$148.75
2026-03-25,University,Cappuccino,Coffee,26,$4.25,$110.50
2026-03-25,University ,Cold Brew,Coffee,24,$4.75,$114.00
03/25/2026,Riverside,Croissant,Bakery,22,$3.25,$71.50
2026-03-25,Downtown,Blueberry Muffin,Bakery,19,$2.95,$56.05
2026-03-25,University,Espresso,Coffee,23,$3.00,$69.00
03/25/2026,Riverside,Cold Brew,Coffee,19,$4.75,$90.25
2026-03-25,University,Latte,Coffee,,$4.50,
2026-03-25,Downtown,Croissant,Bakery,29,$3.25,$94.25
2026-03-26,Downtown,Croissant,Bakery,30,3.25,$97.50
03/26/2026,Riverside,Espresso,Coffee,13,3.0,$39.00
2026-03-26,UNIVERSITY,Blueberry Muffin,Bakery,22,$2.95,$64.90
2026-03-26,Downtown,Latte,Coffee,46,$4.50,$207.00
03/26/2026,Riverside,Latte,Coffee,28,$4.50,$126.00
2026-03-26,university,Latte,Coffee,46,$4.50,$207.00
2026-03-26,downtown,Cappuccino,Coffee,47,$4.25,$199.75
03/26/2026,Riverside,cold brew,Coffee,21,$4.75,$99.75
03/26/2026,Riverside,Blueberry Muffin,Bakery,16,$2.95,
2026-03-26,University,Croissant,Bakery,38,$3.25,$123.50
2026-03-26,Downtown,Blueberry Muffin,Bakery,21,$2.95,$61.95
2026-03-26,University,Cold Brew,Coffee,30,$4.75,$142.50
03/26/2026,Riverside,Croissant,Bakery,22,$3.25,$71.50
2026-03-26,University,Espresso,Coffee,25,$3.00,$75.00
TBC,Riverside,Cappucino,Coffee,180,$4.25,$765.00
2026-03-26,Downtown,Espresso,Coffee,32,$3.00,$96.00
2026-03-26,University,Cappuccino,Coffee,30,4.25,$127.50
2026-03-26,DOWNTOWN,Cold Brew,Coffee,35,$4.75,$166.25
2026-03-27,Downtown,Croissant,Bakery,34,$3.25,$110.50
2026-03-27,Downtown ,Cold Brew,Coffee,36,$4.75,$171.00
2026-03-27,Downtown,Cappuccino,Coffee,48,$4.25,$204.00
03/27/2026,Riverside,Cappuccino,Coffee,14,4.25,$59.50
2026-03-27,University,Croissant,Bakery,19,$3.25,$61.75
2026-03-27,University,Blueberry muffin,Bakery,19,$2.95,$56.05
03/27/2026,Riverside,Croissant,Bakery,17,$3.25,$55.25
03/27/2026,Riverside,Blueberry Muffin,Bakery,14,$2.95,$41.30
03/27/2026, Riverside,Espresso,Coffee,24,$3.00,$72.00
2026-03-27,University,Espresso,Coffee,16,$3.00,$48.00
2026-03-27,DOWNTOWN,Blueberry Muffin,Bakery,22,$2.95,$64.90
03/27/2026,Riverside,Cappuccino,Coffee,14,4.25,$59.50
2026-03-27,University,Cappuccino,Coffee,45,$4.25,$191.25
03/27/2026,Riverside,Cold Brew,Coffee,23,$4.75,$109.25
2026-03-27,Downtown,Latte,Coffee,55,$4.50,$247.50
2026-03-27,Downtown,Espresso,Coffee,28,$3.00,$84.00
2026-03-27,University,Latte,Coffee,44,$4.50,$198.00
2026-03-27,University,Cold Brew,Coffee,37,$4.75,$175.75
03/27/2026,River Side,Latte,Coffee,26,$4.50,
2026-03-28,University,Blueberry Muffin,Bakery,16,2.95,$47.20
2026-03-28,University,Latte,Coffee,30,$4.50,$135.00
2026-03-28,University,Cold Brew,Coffee,25,$4.75,$118.75
2026-03-28,Downtown,Espresso,Coffee,36,$3.00,$108.00
03/28/2026,Riverside,Latte,Coffee,37,$4.50,$166.50
03/28/2026,Riverside,Espresso,Coffee,18,$3.00,$54.00
2026-03-28,Downtown,Cold Brew,Coffee,45,$4.75,$213.75
2026-03-28,University,Croissant,Bakery,22,$3.25,$71.50
2026-03-28,DOWNTOWN,Blueberry Muffin,Bakery,25,$2.95,$73.75
03/28/2026,Riverside,Blueberry Muffin,Bakery,13,$2.95,$38.35
2026-03-28,Downtown,Latte,Coffee,74,$4.50,$333.00
2026-03-28,University,Espresso,Coffee,18,3.0,$54.00
2026-03-28,Downtown,Cappuccino,Coffee,42,$4.25,$178.50
03/28/2026,Riverside,Cappucino,Coffee,16,4.25,$68.00
2026-03-28,Downtown,Croissant,Bakery,43,3.25,$139.75
03/28/2026,Riverside,Cold Brew,Coffee,20,$4.75,$95.00
2026-03-28,University,Cappuccino,Coffee,25,$4.25,$106.25
03/28/2026,Riverside,Croissant,Bakery,18,$3.25,$58.50
03/29/2026,Riverside,Cappuccino,Coffee,25,$4.25,$106.25
2026-03-29,University,Cold Brew,Coffee,23,$4.75,$109.25
2026-03-29,University,Croissant,Bakery,33,$3.25,$107.25
2026-03-29,University,Latte,Coffee,32,$4.50,$144.00
2026-03-29,Downtown,Cold Brew,Coffee,32,$4.75,$152.00
03/29/2026, Riverside,Latte,Coffee,24,$4.50,$108.00
2026-03-29,University,Espresso,Coffee,22,$3.00,$66.00
2026-03-29,Downtown,Croissant ,Bakery,31,3.25,$100.75
2026-03-29,University,Blueberry Muffin,Bakery,17,2.95,$50.15
2026-03-29,Downtown,Latte,Coffee,62,$4.50,$279.00
03/29/2026, Riverside,Croissant,Bakery,24,$3.25,$78.00
2026-03-29,Downtown,Blueberry Muffin,Bakery,27,$2.95,$79.65
03/29/2026,Riverside,Espresso ,Coffee,13,$3.00,$39.00
2026-03-29,downtown, Cappuccino,Coffee,58,$4.25,$246.50
2026-03-29,UNIVERSITY,Espresso,Coffee,22,$3.00,$66.00
03/29/2026,Riverside,Blueberry Muffin,Bakery,16,$2.95,$47.20
03/29/2026,Riverside,Cold Brew,Coffee,17,4.75,$80.75
2026-03-29,University,Cappuccino,Coffee,24,4.25,$102.00
2026-03-29,Downtown,Espresso,Coffee,44,$3.00,$132.00
2026-03-30,University,Latte,Coffee,41,$4.50,$184.50
2026-03-30,University,Espresso,Coffee,28,3.0,$84.00
2026-03-30,Downtown,Croissant,Bakery,29,$3.25,$94.25
2026-03-30,Downtown,Blueberry Muffin,Bakery,27,$2.95,$79.65
2026-03-30,University,Cold Brew,Coffee,22,4.75,$104.50
2026-03-30, Downtown,Cappuccino,Coffee,,$4.25,
2026-03-30,Downtown,Cold Brew,Coffee,26,$4.75,$123.50
03/30/2026,riverside,Croissant,Bakery,16,$3.25,$52.00
03/30/2026,Riverside,Latte,Coffee,25,$4.50,$112.50
03/30/2026,Riverside,Cappuccino,Coffee,13,$4.25,$55.25
03/30/2026,Riverside,Cold Brew,Coffee,16,$4.75,$76.00
2026-03-30,University,Cappuccino,,28,$4.25,$119.00
2026-03-30,University,Blueberry Muffin,Bakery,27,$2.95,$79.65
03/30/2026,Riverside,Espresso,Coffee,17,$3.00,$51.00
2026-03-30,University,Croissant,Bakery,21,$3.25,$68.25
2026-03-30,Downtown,Espresso,Coffee,24,3.0,$72.00
2026-03-30,Downtown,Latte,Coffee,39,$4.50,$175.50
03/30/2026,Riverside,Blueberry Muffin,Bakery,15,$2.95,$44.25
03/31/2026,Riverside,Croissant,Bakery,25,3.25,$81.25
03/31/2026,Riverside,Blueberry Muffin,Bakery,13,$2.95,$38.35
2026-03-31,University,Cold Brew,Coffee,26,$4.75,$123.50
2026-03-31,University,Croissant,Bakery,36,$3.25,$117.00
2026-03-31,Downtown,Cappuccino,Coffee,38,$4.25,$161.50
2026-03-31,Downtown,LATTE,Coffee,52,$4.50,$234.00
2026-03-31,Downtown,Cold Brew,Coffee,28,$4.75,$133.00
03/31/2026,Riverside,cold brew,Coffee,17,$4.75,$80.75
2026-03-31,University,Espresso,Coffee,-3,$3.00,$-9.00
2026-03-31,University,Cappuccino,Coffee,23,4.25,$97.75
2026-03-31,University,Blueberry Muffin,Bakery,20,$2.95,$59.00
03/31/2026,Riverside,Espresso,Coffee,15,$3.00,$45.00
2026-03-31,Downtown,Blueberry Muffin,Bakery,22,2.95,$64.90
2026-03-31,University,Latte,Coffee,40,$4.50,$180.00
2026-03-31,Downtown,Croissant,Bakery,29,$3.25,$94.25
2026-03-31,Downtown,Espresso,Coffee,29,$3.00,$87.00
03/31/2026,Riverside,Cappuccino,Coffee,14,$4.25,$59.50
03/31/2026,Riverside,Latte,Coffee,23,$4.50,$103.50
