date,store,revenue
2023-01-01,Downtown,754.78
2023-01-01,Riverside,399.12
2023-01-01,University,245.43
2023-01-02,Downtown,630.99
2023-01-02,Riverside,323.49
2023-01-02,University,376.62
2023-01-03,Downtown,516.18
2023-01-03,Riverside,316.55
2023-01-03,University,359.11
2023-01-04,Downtown,585.85
2023-01-04,Riverside,341.42
2023-01-04,University,369.58
2023-01-05,Downtown,540.95
2023-01-05,Riverside,307.31
2023-01-05,University,353.4
2023-01-06,Downtown,614.14
2023-01-06,Riverside,324.19
2023-01-06,University,389.64
2023-01-07,Downtown,708.34
2023-01-07,Riverside,415.23
2023-01-07,University,243.15
2023-01-08,Downtown,634.41
2023-01-08,Riverside,376.95
2023-01-08,University,267.95
2023-01-09,Downtown,547.69
2023-01-09,Riverside,328.72
2023-01-09,University,540.99
2023-01-10,Downtown,558.51
2023-01-10,Riverside,347.71
2023-01-10,University,555.93
2023-01-11,Downtown,578.57
2023-01-11,Riverside,367.59
2023-01-11,University,514.58
2023-01-12,Downtown,536.07
2023-01-12,Riverside,334.85
2023-01-12,University,458.69
2023-01-13,Downtown,582.72
2023-01-13,Riverside,310.06
2023-01-13,University,487.77
2023-01-14,Downtown,806.74
2023-01-14,Riverside,396.64
2023-01-14,University,383.42
2023-01-15,Downtown,744.93
2023-01-15,Riverside,445.05
2023-01-15,University,369.71
2023-01-16,Downtown,531.24
2023-01-16,Riverside,350.79
2023-01-16,University,521.78
2023-01-17,Downtown,544.18
2023-01-17,Riverside,293.8
2023-01-17,University,494.48
2023-01-18,Downtown,639.15
2023-01-18,Riverside,333.4
2023-01-18,University,464.97
2023-01-19,Downtown,546.95
2023-01-19,Riverside,309.83
2023-01-19,University,463.58
2023-01-20,Downtown,611.94
2023-01-20,Riverside,331.36
2023-01-20,University,442.12
2023-01-21,Downtown,721.15
2023-01-21,Riverside,480.91
2023-01-21,University,294.96
2023-01-22,Downtown,676.66
2023-01-22,Riverside,388.7
2023-01-22,University,345.87
2023-01-23,Downtown,546.21
2023-01-23,Riverside,339.98
2023-01-23,University,473.13
2023-01-24,Downtown,630.16
2023-01-24,Riverside,280.49
2023-01-24,University,484.47
2023-01-25,Downtown,517.44
2023-01-25,Riverside,288.89
2023-01-25,University,442.6
2023-01-26,Downtown,646.62
2023-01-26,Riverside,317.57
2023-01-26,University,480.2
2023-01-27,Downtown,562.55
2023-01-27,Riverside,336.12
2023-01-27,University,532.1
2023-01-28,Downtown,674.24
2023-01-28,Riverside,391.37
2023-01-28,University,319.73
2023-01-29,Downtown,753.07
2023-01-29,Riverside,425.09
2023-01-29,University,346.75
2023-01-30,Downtown,588.51
2023-01-30,Riverside,320.84
2023-01-30,University,551.71
2023-01-31,Downtown,649.67
2023-01-31,Riverside,349.46
2023-01-31,University,549.26
2023-02-01,Downtown,559.95
2023-02-01,Riverside,296.97
2023-02-01,University,475.42
2023-02-02,Downtown,579.76
2023-02-02,Riverside,373.05
2023-02-02,University,456.71
2023-02-03,Downtown,629.25
2023-02-03,Riverside,371.8
2023-02-03,University,513.73
2023-02-04,Downtown,694.56
2023-02-04,Riverside,442.24
2023-02-04,University,323.03
2023-02-05,Downtown,673.12
2023-02-05,Riverside,435.06
2023-02-05,University,312.0
2023-02-06,Downtown,493.41
2023-02-06,Riverside,330.04
2023-02-06,University,487.31
2023-02-07,Downtown,629.71
2023-02-07,Riverside,312.24
2023-02-07,University,529.9
2023-02-08,Downtown,496.25
2023-02-08,Riverside,382.34
2023-02-08,University,455.04
2023-02-09,Downtown,600.28
2023-02-09,Riverside,308.84
2023-02-09,University,505.34
2023-02-10,Downtown,572.38
2023-02-10,Riverside,356.43
2023-02-10,University,480.53
2023-02-11,Downtown,736.75
2023-02-11,Riverside,413.02
2023-02-11,University,314.33
2023-02-12,Downtown,835.07
2023-02-12,Riverside,423.13
2023-02-12,University,330.46
2023-02-13,Downtown,653.49
2023-02-13,Riverside,306.17
2023-02-13,University,471.14
2023-02-14,Downtown,659.72
2023-02-14,Riverside,330.67
2023-02-14,University,586.92
2023-02-15,Downtown,631.25
2023-02-15,Riverside,361.65
2023-02-15,University,456.75
2023-02-16,Downtown,604.92
2023-02-16,Riverside,342.47
2023-02-16,University,387.58
2023-02-17,Downtown,574.32
2023-02-17,Riverside,372.5
2023-02-17,University,557.52
2023-02-18,Downtown,614.17
2023-02-18,Riverside,440.65
2023-02-18,University,372.61
2023-02-19,Downtown,769.58
2023-02-19,Riverside,402.75
2023-02-19,University,313.82
2023-02-20,Downtown,658.75
2023-02-20,Riverside,329.76
2023-02-20,University,497.1
2023-02-21,Downtown,564.88
2023-02-21,Riverside,317.99
2023-02-21,University,498.42
2023-02-22,Downtown,610.34
2023-02-22,Riverside,355.16
2023-02-22,University,528.94
2023-02-23,Downtown,541.4
2023-02-23,Riverside,356.74
2023-02-23,University,467.24
2023-02-24,Downtown,646.19
2023-02-24,Riverside,316.99
2023-02-24,University,518.97
2023-02-25,Downtown,731.1
2023-02-25,Riverside,426.05
2023-02-25,University,342.64
2023-02-26,Downtown,616.45
2023-02-26,Riverside,409.98
2023-02-26,University,357.32
2023-02-27,Downtown,616.34
2023-02-27,Riverside,365.66
2023-02-27,University,477.19
2023-02-28,Downtown,619.59
2023-02-28,Riverside,329.47
2023-02-28,University,548.42
2023-03-01,Downtown,527.01
2023-03-01,Riverside,358.87
2023-03-01,University,467.35
2023-03-02,Downtown,599.24
2023-03-02,Riverside,322.19
2023-03-02,University,494.7
2023-03-03,Downtown,558.33
2023-03-03,Riverside,352.22
2023-03-03,University,497.95
2023-03-04,Downtown,770.48
2023-03-04,Riverside,443.79
2023-03-04,University,373.81
2023-03-05,Downtown,732.22
2023-03-05,Riverside,472.9
2023-03-05,University,307.88
2023-03-06,Downtown,655.11
2023-03-06,Riverside,377.26
2023-03-06,University,504.35
2023-03-07,Downtown,612.12
2023-03-07,Riverside,432.62
2023-03-07,University,463.8
2023-03-08,Downtown,587.78
2023-03-08,Riverside,336.38
2023-03-08,University,450.39
2023-03-09,Downtown,630.19
2023-03-09,Riverside,343.21
2023-03-09,University,539.96
2023-03-10,Downtown,551.2
2023-03-10,Riverside,412.7
2023-03-10,University,580.87
2023-03-11,Downtown,623.93
2023-03-11,Riverside,426.4
2023-03-11,University,375.42
2023-03-12,Downtown,833.79
2023-03-12,Riverside,455.47
2023-03-12,University,377.7
2023-03-13,Downtown,582.83
2023-03-13,Riverside,366.18
2023-03-13,University,512.99
2023-03-14,Downtown,602.46
2023-03-14,Riverside,350.66
2023-03-14,University,551.63
2023-03-15,Downtown,579.02
2023-03-15,Riverside,337.94
2023-03-15,University,505.28
2023-03-16,Downtown,544.87
2023-03-16,Riverside,314.72
2023-03-16,University,516.72
2023-03-17,Downtown,592.95
2023-03-17,Riverside,372.48
2023-03-17,University,515.83
2023-03-18,Downtown,654.55
2023-03-18,Riverside,473.05
2023-03-18,University,339.0
2023-03-19,Downtown,742.66
2023-03-19,Riverside,513.36
2023-03-19,University,328.16
2023-03-20,Downtown,679.48
2023-03-20,Riverside,403.1
2023-03-20,University,502.86
2023-03-21,Downtown,766.86
2023-03-21,Riverside,402.22
2023-03-21,University,508.38
2023-03-22,Downtown,601.2
2023-03-22,Riverside,357.91
2023-03-22,University,542.92
2023-03-23,Downtown,624.76
2023-03-23,Riverside,360.74
2023-03-23,University,511.95
2023-03-24,Downtown,661.38
2023-03-24,Riverside,348.07
2023-03-24,University,521.44
2023-03-25,Downtown,761.49
2023-03-25,Riverside,465.83
2023-03-25,University,368.2
2023-03-26,Downtown,727.12
2023-03-26,Riverside,481.27
2023-03-26,University,361.92
2023-03-27,Downtown,584.92
2023-03-27,Riverside,357.08
2023-03-27,University,570.44
2023-03-28,Downtown,610.81
2023-03-28,Riverside,381.47
2023-03-28,University,530.88
2023-03-29,Downtown,685.26
2023-03-29,Riverside,347.04
2023-03-29,University,444.74
2023-03-30,Downtown,738.41
2023-03-30,Riverside,347.32
2023-03-30,University,473.34
2023-03-31,Downtown,663.88
2023-03-31,Riverside,426.83
2023-03-31,University,473.12
2023-04-01,Downtown,730.94
2023-04-01,Riverside,505.46
2023-04-01,University,341.22
2023-04-02,Downtown,851.32
2023-04-02,Riverside,419.0
2023-04-02,University,341.37
2023-04-03,Downtown,627.02
2023-04-03,Riverside,379.77
2023-04-03,University,488.36
2023-04-04,Downtown,675.98
2023-04-04,Riverside,338.73
2023-04-04,University,600.28
2023-04-05,Downtown,696.23
2023-04-05,Riverside,394.73
2023-04-05,University,465.61
2023-04-06,Downtown,663.95
2023-04-06,Riverside,402.92
2023-04-06,University,530.02
2023-04-07,Downtown,624.5
2023-04-07,Riverside,413.3
2023-04-07,University,562.52
2023-04-08,Downtown,838.04
2023-04-08,Riverside,454.2
2023-04-08,University,392.65
2023-04-09,Downtown,757.74
2023-04-09,Riverside,451.13
2023-04-09,University,365.48
2023-04-10,Downtown,705.02
2023-04-10,Riverside,383.55
2023-04-10,University,511.43
2023-04-11,Downtown,583.04
2023-04-11,Riverside,348.87
2023-04-11,University,543.74
2023-04-12,Downtown,628.67
2023-04-12,Riverside,382.24
2023-04-12,University,484.63
2023-04-13,Downtown,552.52
2023-04-13,Riverside,387.06
2023-04-13,University,517.63
2023-04-14,Downtown,610.84
2023-04-14,Riverside,411.17
2023-04-14,University,555.37
2023-04-15,Downtown,849.26
2023-04-15,Riverside,486.15
2023-04-15,University,364.24
2023-04-16,Downtown,943.5
2023-04-16,Riverside,409.68
2023-04-16,University,366.95
2023-04-17,Downtown,620.08
2023-04-17,Riverside,359.22
2023-04-17,University,515.35
2023-04-18,Downtown,654.39
2023-04-18,Riverside,365.75
2023-04-18,University,519.15
2023-04-19,Downtown,713.85
2023-04-19,Riverside,425.1
2023-04-19,University,585.13
2023-04-20,Downtown,694.7
2023-04-20,Riverside,386.51
2023-04-20,University,499.69
2023-04-21,Downtown,732.2
2023-04-21,Riverside,331.12
2023-04-21,University,480.28
2023-04-22,Downtown,758.02
2023-04-22,Riverside,482.36
2023-04-22,University,401.06
2023-04-23,Downtown,835.04
2023-04-23,Riverside,503.88
2023-04-23,University,340.21
2023-04-24,Downtown,765.89
2023-04-24,Riverside,383.05
2023-04-24,University,697.51
2023-04-25,Downtown,560.73
2023-04-25,Riverside,436.14
2023-04-25,University,545.11
2023-04-26,Downtown,661.81
2023-04-26,Riverside,347.38
2023-04-26,University,484.99
2023-04-27,Downtown,692.24
2023-04-27,Riverside,431.23
2023-04-27,University,530.73
2023-04-28,Downtown,669.19
2023-04-28,Riverside,451.09
2023-04-28,University,535.16
2023-04-29,Downtown,837.27
2023-04-29,Riverside,489.36
2023-04-29,University,336.97
2023-04-30,Downtown,861.35
2023-04-30,Riverside,552.95
2023-04-30,University,380.93
2023-05-01,Downtown,667.87
2023-05-01,Riverside,429.36
2023-05-01,University,536.37
2023-05-02,Downtown,638.55
2023-05-02,Riverside,405.51
2023-05-02,University,561.22
2023-05-03,Downtown,653.65
2023-05-03,Riverside,428.08
2023-05-03,University,505.36
2023-05-04,Downtown,644.06
2023-05-04,Riverside,378.33
2023-05-04,University,561.3
2023-05-05,Downtown,692.86
2023-05-05,Riverside,373.83
2023-05-05,University,526.34
2023-05-06,Downtown,828.85
2023-05-06,Riverside,536.0
2023-05-06,University,402.55
2023-05-07,Downtown,825.43
2023-05-07,Riverside,465.12
2023-05-07,University,428.75
2023-05-08,Downtown,710.98
2023-05-08,Riverside,353.12
2023-05-08,University,547.84
2023-05-09,Downtown,677.7
2023-05-09,Riverside,408.33
2023-05-09,University,506.81
2023-05-10,Downtown,679.98
2023-05-10,Riverside,383.37
2023-05-10,University,531.36
2023-05-11,Downtown,679.48
2023-05-11,Riverside,348.7
2023-05-11,University,586.47
2023-05-12,Downtown,642.55
2023-05-12,Riverside,384.47
2023-05-12,University,534.68
2023-05-13,Downtown,727.32
2023-05-13,Riverside,488.06
2023-05-13,University,343.5
2023-05-14,Downtown,760.63
2023-05-14,Riverside,531.44
2023-05-14,University,325.44
2023-05-15,Downtown,671.11
2023-05-15,Riverside,404.25
2023-05-15,University,586.11
2023-05-16,Downtown,720.8
2023-05-16,Riverside,361.15
2023-05-16,University,577.88
2023-05-17,Downtown,671.23
2023-05-17,Riverside,414.45
2023-05-17,University,618.52
2023-05-18,Downtown,638.91
2023-05-18,Riverside,405.59
2023-05-18,University,596.89
2023-05-19,Downtown,650.95
2023-05-19,Riverside,425.51
2023-05-19,University,658.23
2023-05-20,Downtown,855.14
2023-05-20,Riverside,482.18
2023-05-20,University,413.21
2023-05-21,Downtown,969.09
2023-05-21,Riverside,567.82
2023-05-21,University,430.13
2023-05-22,Downtown,635.11
2023-05-22,Riverside,413.74
2023-05-22,University,513.81
2023-05-23,Downtown,684.13
2023-05-23,Riverside,410.18
2023-05-23,University,549.81
2023-05-24,Downtown,670.42
2023-05-24,Riverside,403.31
2023-05-24,University,577.87
2023-05-25,Downtown,734.1
2023-05-25,Riverside,386.06
2023-05-25,University,591.01
2023-05-26,Downtown,688.53
2023-05-26,Riverside,438.65
2023-05-26,University,579.93
2023-05-27,Downtown,932.71
2023-05-27,Riverside,431.27
2023-05-27,University,418.35
2023-05-28,Downtown,858.89
2023-05-28,Riverside,452.74
2023-05-28,University,411.27
2023-05-29,Downtown,646.14
2023-05-29,Riverside,424.81
2023-05-29,University,549.19
2023-05-30,Downtown,618.98
2023-05-30,Riverside,428.21
2023-05-30,University,606.32
2023-05-31,Downtown,702.65
2023-05-31,Riverside,367.55
2023-05-31,University,682.89
2023-06-01,Downtown,767.23
2023-06-01,Riverside,375.01
2023-06-01,University,537.95
2023-06-02,Downtown,704.77
2023-06-02,Riverside,474.3
2023-06-02,University,589.51
2023-06-03,Downtown,891.52
2023-06-03,Riverside,484.72
2023-06-03,University,421.66
2023-06-04,Downtown,836.1
2023-06-04,Riverside,514.21
2023-06-04,University,396.24
2023-06-05,Downtown,672.7
2023-06-05,Riverside,383.23
2023-06-05,University,570.79
2023-06-06,Downtown,682.83
2023-06-06,Riverside,403.74
2023-06-06,University,568.7
2023-06-07,Downtown,774.82
2023-06-07,Riverside,404.57
2023-06-07,University,588.67
2023-06-08,Downtown,632.69
2023-06-08,Riverside,372.03
2023-06-08,University,626.04
2023-06-09,Downtown,695.15
2023-06-09,Riverside,396.93
2023-06-09,University,522.01
2023-06-10,Downtown,754.7
2023-06-10,Riverside,464.05
2023-06-10,University,426.33
2023-06-11,Downtown,961.75
2023-06-11,Riverside,480.94
2023-06-11,University,372.87
2023-06-12,Downtown,670.16
2023-06-12,Riverside,407.49
2023-06-12,University,640.83
2023-06-13,Downtown,750.31
2023-06-13,Riverside,411.44
2023-06-13,University,588.16
2023-06-14,Downtown,693.14
2023-06-14,Riverside,406.53
2023-06-14,University,722.92
2023-06-15,Downtown,598.19
2023-06-15,Riverside,366.09
2023-06-15,University,623.05
2023-06-16,Downtown,676.11
2023-06-16,Riverside,400.17
2023-06-16,University,635.38
2023-06-17,Downtown,765.18
2023-06-17,Riverside,476.82
2023-06-17,University,423.85
2023-06-18,Downtown,876.14
2023-06-18,Riverside,491.97
2023-06-18,University,460.98
2023-06-19,Downtown,767.87
2023-06-19,Riverside,385.92
2023-06-19,University,558.26
2023-06-20,Downtown,823.21
2023-06-20,Riverside,381.76
2023-06-20,University,590.71
2023-06-21,Downtown,767.75
2023-06-21,Riverside,373.78
2023-06-21,University,641.36
2023-06-22,Downtown,652.13
2023-06-22,Riverside,330.34
2023-06-22,University,581.76
2023-06-23,Downtown,702.29
2023-06-23,Riverside,422.95
2023-06-23,University,516.41
2023-06-24,Downtown,829.37
2023-06-24,Riverside,543.74
2023-06-24,University,407.74
2023-06-25,Downtown,1009.97
2023-06-25,Riverside,553.7
2023-06-25,University,384.34
2023-06-26,Downtown,680.16
2023-06-26,Riverside,408.42
2023-06-26,University,525.88
2023-06-27,Downtown,604.61
2023-06-27,Riverside,390.61
2023-06-27,University,682.38
2023-06-28,Downtown,815.66
2023-06-28,Riverside,369.0
2023-06-28,University,522.15
2023-06-29,Downtown,754.95
2023-06-29,Riverside,397.19
2023-06-29,University,555.87
2023-06-30,Downtown,658.81
2023-06-30,Riverside,395.32
2023-06-30,University,576.11
2023-07-01,Downtown,929.24
2023-07-01,Riverside,520.76
2023-07-01,University,273.89
2023-07-02,Downtown,931.49
2023-07-02,Riverside,628.53
2023-07-02,University,308.9
2023-07-03,Downtown,637.83
2023-07-03,Riverside,395.43
2023-07-03,University,456.44
2023-07-04,Downtown,712.62
2023-07-04,Riverside,381.05
2023-07-04,University,461.56
2023-07-05,Downtown,658.55
2023-07-05,Riverside,392.48
2023-07-05,University,351.4
2023-07-06,Downtown,685.33
2023-07-06,Riverside,392.51
2023-07-06,University,363.29
2023-07-07,Downtown,672.67
2023-07-07,Riverside,402.29
2023-07-07,University,359.79
2023-07-08,Downtown,840.61
2023-07-08,Riverside,461.11
2023-07-08,University,312.15
2023-07-09,Downtown,794.03
2023-07-09,Riverside,425.06
2023-07-09,University,315.08
2023-07-10,Downtown,777.25
2023-07-10,Riverside,373.09
2023-07-10,University,424.55
2023-07-11,Downtown,644.36
2023-07-11,Riverside,440.91
2023-07-11,University,398.73
2023-07-12,Downtown,840.74
2023-07-12,Riverside,404.95
2023-07-12,University,440.28
2023-07-13,Downtown,715.96
2023-07-13,Riverside,436.29
2023-07-13,University,414.79
2023-07-14,Downtown,716.03
2023-07-14,Riverside,410.91
2023-07-14,University,425.1
2023-07-15,Downtown,900.28
2023-07-15,Riverside,569.16
2023-07-15,University,270.18
2023-07-16,Downtown,951.86
2023-07-16,Riverside,472.19
2023-07-16,University,337.72
2023-07-17,Downtown,734.55
2023-07-17,Riverside,433.13
2023-07-17,University,435.34
2023-07-18,Downtown,671.22
2023-07-18,Riverside,411.99
2023-07-18,University,441.72
2023-07-19,Downtown,698.74
2023-07-19,Riverside,387.73
2023-07-19,University,398.6
2023-07-20,Downtown,720.8
2023-07-20,Riverside,403.19
2023-07-20,University,388.06
2023-07-21,Downtown,655.64
2023-07-21,Riverside,384.81
2023-07-21,University,444.55
2023-07-22,Downtown,838.53
2023-07-22,Riverside,572.44
2023-07-22,University,301.67
2023-07-23,Downtown,1005.74
2023-07-23,Riverside,518.12
2023-07-23,University,286.4
2023-07-24,Downtown,821.02
2023-07-24,Riverside,453.09
2023-07-24,University,395.54
2023-07-25,Downtown,758.13
2023-07-25,Riverside,398.55
2023-07-25,University,447.27
2023-07-26,Downtown,648.64
2023-07-26,Riverside,396.29
2023-07-26,University,361.4
2023-07-27,Downtown,790.26
2023-07-27,Riverside,347.7
2023-07-27,University,461.17
2023-07-28,Downtown,813.13
2023-07-28,Riverside,461.65
2023-07-28,University,346.2
2023-07-29,Downtown,838.06
2023-07-29,Riverside,498.27
2023-07-29,University,287.97
2023-07-30,Downtown,792.0
2023-07-30,Riverside,505.03
2023-07-30,University,307.94
2023-07-31,Downtown,782.05
2023-07-31,Riverside,397.2
2023-07-31,University,490.29
2023-08-01,Downtown,671.06
2023-08-01,Riverside,411.96
2023-08-01,University,434.85
2023-08-02,Downtown,670.87
2023-08-02,Riverside,436.24
2023-08-02,University,474.62
2023-08-03,Downtown,665.31
2023-08-03,Riverside,397.07
2023-08-03,University,441.91
2023-08-04,Downtown,672.26
2023-08-04,Riverside,500.19
2023-08-04,University,358.46
2023-08-05,Downtown,807.98
2023-08-05,Riverside,509.27
2023-08-05,University,283.33
2023-08-06,Downtown,972.15
2023-08-06,Riverside,485.68
2023-08-06,University,314.61
2023-08-07,Downtown,709.08
2023-08-07,Riverside,426.49
2023-08-07,University,443.6
2023-08-08,Downtown,750.34
2023-08-08,Riverside,357.89
2023-08-08,University,436.14
2023-08-09,Downtown,663.24
2023-08-09,Riverside,394.67
2023-08-09,University,352.47
2023-08-10,Downtown,764.25
2023-08-10,Riverside,418.57
2023-08-10,University,517.98
2023-08-11,Downtown,727.45
2023-08-11,Riverside,355.61
2023-08-11,University,392.4
2023-08-12,Downtown,820.35
2023-08-12,Riverside,472.62
2023-08-12,University,290.14
2023-08-13,Downtown,832.19
2023-08-13,Riverside,438.5
2023-08-13,University,306.92
2023-08-14,Downtown,764.77
2023-08-14,Riverside,364.93
2023-08-14,University,449.44
2023-08-15,Downtown,773.24
2023-08-15,Riverside,441.8
2023-08-15,University,406.92
2023-08-16,Downtown,674.9
2023-08-16,Riverside,361.82
2023-08-16,University,414.14
2023-08-17,Downtown,793.19
2023-08-17,Riverside,426.52
2023-08-17,University,365.95
2023-08-18,Downtown,766.7
2023-08-18,Riverside,398.4
2023-08-18,University,382.73
2023-08-19,Downtown,793.48
2023-08-19,Riverside,426.81
2023-08-19,University,246.65
2023-08-20,Downtown,861.95
2023-08-20,Riverside,550.32
2023-08-20,University,271.72
2023-08-21,Downtown,805.92
2023-08-21,Riverside,398.25
2023-08-21,University,339.92
2023-08-22,Downtown,656.87
2023-08-22,Riverside,464.91
2023-08-22,University,391.22
2023-08-23,Downtown,678.42
2023-08-23,Riverside,450.88
2023-08-23,University,376.3
2023-08-24,Downtown,745.16
2023-08-24,Riverside,427.06
2023-08-24,University,464.34
2023-08-25,Downtown,697.31
2023-08-25,Riverside,369.31
2023-08-25,University,412.17
2023-08-26,Downtown,923.21
2023-08-26,Riverside,546.87
2023-08-26,University,306.41
2023-08-27,Downtown,814.33
2023-08-27,Riverside,437.07
2023-08-27,University,291.49
2023-08-28,Downtown,654.84
2023-08-28,Riverside,407.63
2023-08-28,University,407.02
2023-08-29,Downtown,822.97
2023-08-29,Riverside,400.89
2023-08-29,University,392.75
2023-08-30,Downtown,661.48
2023-08-30,Riverside,404.12
2023-08-30,University,470.91
2023-08-31,Downtown,676.35
2023-08-31,Riverside,386.15
2023-08-31,University,441.49
2023-09-01,Downtown,745.79
2023-09-01,Riverside,407.29
2023-09-01,University,567.31
2023-09-02,Downtown,786.33
2023-09-02,Riverside,545.58
2023-09-02,University,401.93
2023-09-03,Downtown,874.84
2023-09-03,Riverside,448.81
2023-09-03,University,385.81
2023-09-04,Downtown,711.6
2023-09-04,Riverside,371.31
2023-09-04,University,513.41
2023-09-05,Downtown,652.01
2023-09-05,Riverside,395.06
2023-09-05,University,482.13
2023-09-06,Downtown,612.42
2023-09-06,Riverside,397.13
2023-09-06,University,518.33
2023-09-07,Downtown,727.28
2023-09-07,Riverside,437.81
2023-09-07,University,629.65
2023-09-08,Downtown,761.05
2023-09-08,Riverside,374.33
2023-09-08,University,505.98
2023-09-09,Downtown,870.93
2023-09-09,Riverside,525.35
2023-09-09,University,376.7
2023-09-10,Downtown,898.84
2023-09-10,Riverside,458.11
2023-09-10,University,410.24
2023-09-11,Downtown,834.33
2023-09-11,Riverside,358.13
2023-09-11,University,576.38
2023-09-12,Downtown,616.95
2023-09-12,Riverside,394.63
2023-09-12,University,529.77
2023-09-13,Downtown,638.54
2023-09-13,Riverside,406.38
2023-09-13,University,532.48
2023-09-14,Downtown,726.86
2023-09-14,Riverside,421.5
2023-09-14,University,622.67
2023-09-15,Downtown,656.06
2023-09-15,Riverside,399.49
2023-09-15,University,580.29
2023-09-16,Downtown,906.93
2023-09-16,Riverside,499.11
2023-09-16,University,403.89
2023-09-17,Downtown,820.93
2023-09-17,Riverside,473.03
2023-09-17,University,467.62
2023-09-18,Downtown,626.22
2023-09-18,Riverside,369.38
2023-09-18,University,612.34
2023-09-19,Downtown,621.68
2023-09-19,Riverside,413.7
2023-09-19,University,707.94
2023-09-20,Downtown,642.08
2023-09-20,Riverside,372.34
2023-09-20,University,598.73
2023-09-21,Downtown,724.32
2023-09-21,Riverside,427.14
2023-09-21,University,557.0
2023-09-22,Downtown,611.87
2023-09-22,Riverside,415.65
2023-09-22,University,585.68
2023-09-23,Downtown,836.3
2023-09-23,Riverside,496.28
2023-09-23,University,362.82
2023-09-24,Downtown,896.3
2023-09-24,Riverside,534.29
2023-09-24,University,419.02
2023-09-25,Downtown,663.51
2023-09-25,Riverside,348.36
2023-09-25,University,493.13
2023-09-26,Downtown,709.89
2023-09-26,Riverside,465.76
2023-09-26,University,586.01
2023-09-27,Downtown,572.18
2023-09-27,Riverside,386.36
2023-09-27,University,558.08
2023-09-28,Downtown,698.46
2023-09-28,Riverside,374.23
2023-09-28,University,583.34
2023-09-29,Downtown,617.37
2023-09-29,Riverside,408.9
2023-09-29,University,540.25
2023-09-30,Downtown,848.16
2023-09-30,Riverside,455.53
2023-09-30,University,369.5
2023-10-01,Downtown,814.01
2023-10-01,Riverside,539.79
2023-10-01,University,438.79
2023-10-02,Downtown,654.17
2023-10-02,Riverside,382.8
2023-10-02,University,564.8
2023-10-03,Downtown,732.73
2023-10-03,Riverside,363.24
2023-10-03,University,590.58
2023-10-04,Downtown,619.9
2023-10-04,Riverside,408.88
2023-10-04,University,581.52
2023-10-05,Downtown,671.93
2023-10-05,Riverside,417.31
2023-10-05,University,586.75
2023-10-06,Downtown,749.88
2023-10-06,Riverside,389.16
2023-10-06,University,540.09
2023-10-07,Downtown,717.63
2023-10-07,Riverside,478.51
2023-10-07,University,381.92
2023-10-08,Downtown,870.96
2023-10-08,Riverside,464.95
2023-10-08,University,397.35
2023-10-09,Downtown,710.67
2023-10-09,Riverside,370.59
2023-10-09,University,540.18
2023-10-10,Downtown,747.36
2023-10-10,Riverside,410.57
2023-10-10,University,515.6
2023-10-11,Downtown,639.79
2023-10-11,Riverside,380.31
2023-10-11,University,596.29
2023-10-12,Downtown,792.52
2023-10-12,Riverside,422.78
2023-10-12,University,608.96
2023-10-13,Downtown,816.41
2023-10-13,Riverside,342.71
2023-10-13,University,567.74
2023-10-14,Downtown,859.53
2023-10-14,Riverside,489.01
2023-10-14,University,362.42
2023-10-15,Downtown,830.11
2023-10-15,Riverside,454.18
2023-10-15,University,362.49
2023-10-16,Downtown,629.91
2023-10-16,Riverside,385.45
2023-10-16,University,601.86
2023-10-17,Downtown,765.01
2023-10-17,Riverside,326.56
2023-10-17,University,526.44
2023-10-18,Downtown,592.46
2023-10-18,Riverside,407.42
2023-10-18,University,498.38
2023-10-19,Downtown,682.21
2023-10-19,Riverside,430.96
2023-10-19,University,531.61
2023-10-20,Downtown,613.3
2023-10-20,Riverside,416.09
2023-10-20,University,589.32
2023-10-21,Downtown,832.5
2023-10-21,Riverside,529.46
2023-10-21,University,443.56
2023-10-22,Downtown,872.4
2023-10-22,Riverside,465.02
2023-10-22,University,341.34
2023-10-23,Downtown,648.22
2023-10-23,Riverside,369.17
2023-10-23,University,606.18
2023-10-24,Downtown,664.94
2023-10-24,Riverside,406.87
2023-10-24,University,466.5
2023-10-25,Downtown,553.53
2023-10-25,Riverside,397.8
2023-10-25,University,504.33
2023-10-26,Downtown,704.28
2023-10-26,Riverside,298.27
2023-10-26,University,670.99
2023-10-27,Downtown,766.35
2023-10-27,Riverside,397.69
2023-10-27,University,520.59
2023-10-28,Downtown,673.88
2023-10-28,Riverside,517.8
2023-10-28,University,393.24
2023-10-29,Downtown,697.12
2023-10-29,Riverside,378.4
2023-10-29,University,370.52
2023-10-30,Downtown,606.54
2023-10-30,Riverside,389.91
2023-10-30,University,562.07
2023-10-31,Downtown,573.06
2023-10-31,Riverside,347.83
2023-10-31,University,633.91
2023-11-01,Downtown,607.36
2023-11-01,Riverside,343.73
2023-11-01,University,485.66
2023-11-02,Downtown,625.69
2023-11-02,Riverside,358.81
2023-11-02,University,535.04
2023-11-03,Downtown,684.68
2023-11-03,Riverside,388.85
2023-11-03,University,596.88
2023-11-04,Downtown,793.82
2023-11-04,Riverside,461.0
2023-11-04,University,425.7
2023-11-05,Downtown,773.37
2023-11-05,Riverside,470.24
2023-11-05,University,406.09
2023-11-06,Downtown,729.28
2023-11-06,Riverside,359.54
2023-11-06,University,570.67
2023-11-07,Downtown,634.91
2023-11-07,Riverside,396.98
2023-11-07,University,511.22
2023-11-08,Downtown,606.48
2023-11-08,Riverside,377.29
2023-11-08,University,504.28
2023-11-09,Downtown,628.16
2023-11-09,Riverside,367.02
2023-11-09,University,558.59
2023-11-10,Downtown,648.45
2023-11-10,Riverside,340.59
2023-11-10,University,475.38
2023-11-11,Downtown,898.03
2023-11-11,Riverside,410.49
2023-11-11,University,347.53
2023-11-12,Downtown,775.89
2023-11-12,Riverside,426.22
2023-11-12,University,376.36
2023-11-13,Downtown,588.0
2023-11-13,Riverside,373.14
2023-11-13,University,550.85
2023-11-14,Downtown,670.98
2023-11-14,Riverside,373.32
2023-11-14,University,590.91
2023-11-15,Downtown,738.19
2023-11-15,Riverside,349.22
2023-11-15,University,582.82
2023-11-16,Downtown,646.08
2023-11-16,Riverside,336.04
2023-11-16,University,561.42
2023-11-17,Downtown,634.47
2023-11-17,Riverside,331.91
2023-11-17,University,534.8
2023-11-18,Downtown,694.22
2023-11-18,Riverside,468.29
2023-11-18,University,423.18
2023-11-19,Downtown,746.09
2023-11-19,Riverside,493.88
2023-11-19,University,388.57
2023-11-20,Downtown,719.37
2023-11-20,Riverside,351.32
2023-11-20,University,520.89
2023-11-21,Downtown,596.13
2023-11-21,Riverside,372.54
2023-11-21,University,489.41
2023-11-22,Downtown,591.64
2023-11-22,Riverside,310.45
2023-11-22,University,524.67
2023-11-23,Downtown,635.92
2023-11-23,Riverside,401.12
2023-11-23,University,445.91
2023-11-24,Downtown,618.96
2023-11-24,Riverside,342.79
2023-11-24,University,594.42
2023-11-25,Downtown,716.88
2023-11-25,Riverside,410.16
2023-11-25,University,325.79
2023-11-26,Downtown,815.99
2023-11-26,Riverside,439.81
2023-11-26,University,290.2
2023-11-27,Downtown,588.51
2023-11-27,Riverside,323.89
2023-11-27,University,533.14
2023-11-28,Downtown,685.03
2023-11-28,Riverside,337.31
2023-11-28,University,560.62
2023-11-29,Downtown,597.05
2023-11-29,Riverside,355.93
2023-11-29,University,578.11
2023-11-30,Downtown,598.32
2023-11-30,Riverside,339.86
2023-11-30,University,598.34
2023-12-01,Downtown,758.39
2023-12-01,Riverside,418.67
2023-12-01,University,590.02
2023-12-02,Downtown,901.43
2023-12-02,Riverside,490.97
2023-12-02,University,369.87
2023-12-03,Downtown,861.28
2023-12-03,Riverside,477.52
2023-12-03,University,368.8
2023-12-04,Downtown,647.94
2023-12-04,Riverside,370.2
2023-12-04,University,623.86
2023-12-05,Downtown,614.95
2023-12-05,Riverside,396.02
2023-12-05,University,592.63
2023-12-06,Downtown,651.64
2023-12-06,Riverside,395.46
2023-12-06,University,558.5
2023-12-07,Downtown,651.47
2023-12-07,Riverside,380.24
2023-12-07,University,596.36
2023-12-08,Downtown,643.17
2023-12-08,Riverside,380.45
2023-12-08,University,576.71
2023-12-09,Downtown,835.96
2023-12-09,Riverside,548.81
2023-12-09,University,417.73
2023-12-10,Downtown,826.82
2023-12-10,Riverside,521.46
2023-12-10,University,407.62
2023-12-11,Downtown,682.05
2023-12-11,Riverside,380.43
2023-12-11,University,535.97
2023-12-12,Downtown,745.53
2023-12-12,Riverside,379.49
2023-12-12,University,584.6
2023-12-13,Downtown,644.99
2023-12-13,Riverside,387.09
2023-12-13,University,632.95
2023-12-14,Downtown,614.03
2023-12-14,Riverside,450.11
2023-12-14,University,581.07
2023-12-15,Downtown,721.63
2023-12-15,Riverside,411.39
2023-12-15,University,600.82
2023-12-16,Downtown,960.23
2023-12-16,Riverside,479.77
2023-12-16,University,423.99
2023-12-17,Downtown,891.08
2023-12-17,Riverside,549.68
2023-12-17,University,372.74
2023-12-18,Downtown,696.66
2023-12-18,Riverside,413.06
2023-12-18,University,614.21
2023-12-19,Downtown,681.65
2023-12-19,Riverside,357.86
2023-12-19,University,495.44
2023-12-20,Downtown,707.23
2023-12-20,Riverside,380.7
2023-12-20,University,415.92
2023-12-21,Downtown,766.33
2023-12-21,Riverside,400.0
2023-12-21,University,402.35
2023-12-22,Downtown,710.84
2023-12-22,Riverside,394.52
2023-12-22,University,418.94
2023-12-23,Downtown,774.54
2023-12-23,Riverside,510.04
2023-12-23,University,288.75
2023-12-24,Downtown,801.1
2023-12-24,Riverside,513.55
2023-12-24,University,267.19
2023-12-26,Downtown,614.34
2023-12-26,Riverside,331.77
2023-12-26,University,444.32
2023-12-27,Downtown,573.8
2023-12-27,Riverside,359.4
2023-12-27,University,403.07
2023-12-28,Downtown,671.01
2023-12-28,Riverside,351.34
2023-12-28,University,367.17
2023-12-29,Downtown,657.2
2023-12-29,Riverside,340.7
2023-12-29,University,420.83
2023-12-30,Downtown,832.26
2023-12-30,Riverside,442.1
2023-12-30,University,253.83
2023-12-31,Downtown,744.65
2023-12-31,Riverside,506.53
2023-12-31,University,255.74
2024-01-01,Downtown,642.2
2024-01-01,Riverside,358.93
2024-01-01,University,353.97
2024-01-02,Downtown,614.7
2024-01-02,Riverside,320.15
2024-01-02,University,409.55
2024-01-03,Downtown,580.83
2024-01-03,Riverside,356.06
2024-01-03,University,373.93
2024-01-04,Downtown,637.39
2024-01-04,Riverside,388.44
2024-01-04,University,352.49
2024-01-05,Downtown,737.76
2024-01-05,Riverside,395.75
2024-01-05,University,393.18
2024-01-06,Downtown,776.58
2024-01-06,Riverside,432.67
2024-01-06,University,265.51
2024-01-07,Downtown,792.37
2024-01-07,Riverside,428.85
2024-01-07,University,249.95
2024-01-08,Downtown,627.73
2024-01-08,Riverside,294.76
2024-01-08,University,383.82
2024-01-09,Downtown,714.28
2024-01-09,Riverside,314.72
2024-01-09,University,550.47
2024-01-10,Downtown,611.78
2024-01-10,Riverside,337.93
2024-01-10,University,508.65
2024-01-11,Downtown,586.47
2024-01-11,Riverside,331.35
2024-01-11,University,509.95
2024-01-12,Downtown,727.41
2024-01-12,Riverside,355.74
2024-01-12,University,527.01
2024-01-13,Downtown,866.12
2024-01-13,Riverside,444.2
2024-01-13,University,383.12
2024-01-14,Downtown,763.8
2024-01-14,Riverside,439.26
2024-01-14,University,406.81
2024-01-15,Downtown,714.68
2024-01-15,Riverside,354.23
2024-01-15,University,500.09
2024-01-16,Downtown,615.13
2024-01-16,Riverside,335.59
2024-01-16,University,491.61
2024-01-17,Downtown,601.84
2024-01-17,Riverside,362.12
2024-01-17,University,580.88
2024-01-18,Downtown,558.58
2024-01-18,Riverside,301.39
2024-01-18,University,546.11
2024-01-19,Downtown,558.73
2024-01-19,Riverside,354.1
2024-01-19,University,527.39
2024-01-20,Downtown,756.24
2024-01-20,Riverside,433.38
2024-01-20,University,385.47
2024-01-21,Downtown,766.54
2024-01-21,Riverside,435.44
2024-01-21,University,357.66
2024-01-22,Downtown,668.76
2024-01-22,Riverside,319.43
2024-01-22,University,507.39
2024-01-23,Downtown,600.13
2024-01-23,Riverside,372.64
2024-01-23,University,502.24
2024-01-24,Downtown,625.42
2024-01-24,Riverside,356.79
2024-01-24,University,499.1
2024-01-25,Downtown,644.63
2024-01-25,Riverside,372.16
2024-01-25,University,538.88
2024-01-26,Downtown,630.55
2024-01-26,Riverside,325.5
2024-01-26,University,491.49
2024-01-27,Downtown,739.24
2024-01-27,Riverside,434.37
2024-01-27,University,355.14
2024-01-28,Downtown,881.01
2024-01-28,Riverside,406.81
2024-01-28,University,366.19
2024-01-29,Downtown,607.66
2024-01-29,Riverside,386.05
2024-01-29,University,558.77
2024-01-30,Downtown,623.54
2024-01-30,Riverside,327.71
2024-01-30,University,605.75
2024-01-31,Downtown,611.39
2024-01-31,Riverside,365.65
2024-01-31,University,468.17
2024-02-01,Downtown,680.34
2024-02-01,Riverside,372.77
2024-02-01,University,591.95
2024-02-02,Downtown,578.26
2024-02-02,Riverside,419.04
2024-02-02,University,435.86
2024-02-03,Downtown,765.11
2024-02-03,Riverside,458.36
2024-02-03,University,378.44
2024-02-04,Downtown,846.12
2024-02-04,Riverside,461.2
2024-02-04,University,415.35
2024-02-05,Downtown,667.2
2024-02-05,Riverside,382.13
2024-02-05,University,479.28
2024-02-06,Downtown,581.72
2024-02-06,Riverside,356.29
2024-02-06,University,557.28
2024-02-07,Downtown,690.76
2024-02-07,Riverside,348.01
2024-02-07,University,567.79
2024-02-08,Downtown,641.74
2024-02-08,Riverside,332.04
2024-02-08,University,547.37
2024-02-09,Downtown,613.99
2024-02-09,Riverside,385.87
2024-02-09,University,544.62
2024-02-10,Downtown,955.64
2024-02-10,Riverside,442.29
2024-02-10,University,371.37
2024-02-11,Downtown,825.8
2024-02-11,Riverside,486.3
2024-02-11,University,337.98
2024-02-12,Downtown,648.39
2024-02-12,Riverside,351.6
2024-02-12,University,519.27
2024-02-13,Downtown,638.94
2024-02-13,Riverside,352.51
2024-02-13,University,602.46
2024-02-14,Downtown,620.77
2024-02-14,Riverside,436.93
2024-02-14,University,468.51
2024-02-15,Downtown,636.69
2024-02-15,Riverside,421.27
2024-02-15,University,499.22
2024-02-16,Downtown,629.93
2024-02-16,Riverside,348.24
2024-02-16,University,544.19
2024-02-17,Downtown,900.58
2024-02-17,Riverside,410.52
2024-02-17,University,358.76
2024-02-18,Downtown,898.23
2024-02-18,Riverside,506.45
2024-02-18,University,342.27
2024-02-19,Downtown,609.24
2024-02-19,Riverside,355.65
2024-02-19,University,518.62
2024-02-20,Downtown,752.53
2024-02-20,Riverside,378.05
2024-02-20,University,558.63
2024-02-21,Downtown,631.29
2024-02-21,Riverside,339.88
2024-02-21,University,560.96
2024-02-22,Downtown,646.29
2024-02-22,Riverside,393.87
2024-02-22,University,481.24
2024-02-23,Downtown,644.32
2024-02-23,Riverside,377.73
2024-02-23,University,549.85
2024-02-24,Downtown,848.04
2024-02-24,Riverside,488.59
2024-02-24,University,374.48
2024-02-25,Downtown,910.57
2024-02-25,Riverside,533.48
2024-02-25,University,361.86
2024-02-26,Downtown,690.78
2024-02-26,Riverside,366.05
2024-02-26,University,578.44
2024-02-27,Downtown,710.58
2024-02-27,Riverside,352.71
2024-02-27,University,526.63
2024-02-28,Downtown,594.55
2024-02-28,Riverside,374.04
2024-02-28,University,572.9
2024-02-29,Downtown,657.43
2024-02-29,Riverside,363.12
2024-02-29,University,499.71
2024-03-01,Downtown,733.16
2024-03-01,Riverside,355.08
2024-03-01,University,523.22
2024-03-02,Downtown,936.93
2024-03-02,Riverside,433.19
2024-03-02,University,414.76
2024-03-03,Downtown,716.46
2024-03-03,Riverside,502.95
2024-03-03,University,463.21
2024-03-04,Downtown,586.35
2024-03-04,Riverside,324.0
2024-03-04,University,552.75
2024-03-05,Downtown,573.13
2024-03-05,Riverside,374.81
2024-03-05,University,477.41
2024-03-06,Downtown,683.79
2024-03-06,Riverside,376.38
2024-03-06,University,585.07
2024-03-07,Downtown,684.91
2024-03-07,Riverside,395.63
2024-03-07,University,515.83
2024-03-08,Downtown,558.71
2024-03-08,Riverside,374.39
2024-03-08,University,560.31
2024-03-09,Downtown,718.6
2024-03-09,Riverside,501.1
2024-03-09,University,355.02
2024-03-10,Downtown,770.12
2024-03-10,Riverside,428.8
2024-03-10,University,353.04
2024-03-11,Downtown,615.23
2024-03-11,Riverside,369.31
2024-03-11,University,579.16
2024-03-12,Downtown,656.22
2024-03-12,Riverside,364.17
2024-03-12,University,533.34
2024-03-13,Downtown,741.7
2024-03-13,Riverside,358.84
2024-03-13,University,496.64
2024-03-14,Downtown,692.09
2024-03-14,Riverside,388.08
2024-03-14,University,483.72
2024-03-15,Downtown,703.93
2024-03-15,Riverside,357.57
2024-03-15,University,503.59
2024-03-16,Downtown,767.89
2024-03-16,Riverside,416.27
2024-03-16,University,355.93
2024-03-17,Downtown,798.64
2024-03-17,Riverside,459.8
2024-03-17,University,356.04
2024-03-18,Downtown,682.08
2024-03-18,Riverside,384.74
2024-03-18,University,510.66
2024-03-19,Downtown,789.65
2024-03-19,Riverside,352.11
2024-03-19,University,568.47
2024-03-20,Downtown,637.25
2024-03-20,Riverside,379.86
2024-03-20,University,453.42
2024-03-21,Downtown,657.81
2024-03-21,Riverside,402.73
2024-03-21,University,574.06
2024-03-22,Downtown,719.8
2024-03-22,Riverside,377.9
2024-03-22,University,510.78
2024-03-23,Downtown,788.05
2024-03-23,Riverside,444.24
2024-03-23,University,453.45
2024-03-24,Downtown,819.03
2024-03-24,Riverside,483.68
2024-03-24,University,355.54
2024-03-25,Downtown,753.45
2024-03-25,Riverside,344.09
2024-03-25,University,517.01
2024-03-26,Downtown,720.03
2024-03-26,Riverside,376.81
2024-03-26,University,448.15
2024-03-27,Downtown,683.45
2024-03-27,Riverside,375.27
2024-03-27,University,676.33
2024-03-28,Downtown,684.33
2024-03-28,Riverside,394.67
2024-03-28,University,552.07
2024-03-29,Downtown,662.23
2024-03-29,Riverside,398.1
2024-03-29,University,514.55
2024-03-30,Downtown,769.99
2024-03-30,Riverside,479.47
2024-03-30,University,369.79
2024-03-31,Downtown,881.45
2024-03-31,Riverside,467.32
2024-03-31,University,372.26
2024-04-01,Downtown,683.08
2024-04-01,Riverside,388.12
2024-04-01,University,489.86
2024-04-02,Downtown,685.85
2024-04-02,Riverside,381.81
2024-04-02,University,563.96
2024-04-03,Downtown,687.12
2024-04-03,Riverside,411.66
2024-04-03,University,581.96
2024-04-04,Downtown,784.93
2024-04-04,Riverside,456.75
2024-04-04,University,609.85
2024-04-05,Downtown,596.24
2024-04-05,Riverside,391.88
2024-04-05,University,682.97
2024-04-06,Downtown,884.33
2024-04-06,Riverside,521.27
2024-04-06,University,415.12
2024-04-07,Downtown,858.57
2024-04-07,Riverside,473.08
2024-04-07,University,406.12
2024-04-08,Downtown,697.08
2024-04-08,Riverside,433.7
2024-04-08,University,558.11
2024-04-09,Downtown,665.18
2024-04-09,Riverside,514.08
2024-04-09,University,607.06
2024-04-10,Downtown,749.73
2024-04-10,Riverside,443.87
2024-04-10,University,538.6
2024-04-11,Downtown,735.25
2024-04-11,Riverside,405.49
2024-04-11,University,520.98
2024-04-12,Downtown,711.56
2024-04-12,Riverside,357.62
2024-04-12,University,639.76
2024-04-13,Downtown,929.01
2024-04-13,Riverside,560.07
2024-04-13,University,423.47
2024-04-14,Downtown,939.71
2024-04-14,Riverside,540.09
2024-04-14,University,355.52
2024-04-15,Downtown,611.53
2024-04-15,Riverside,368.48
2024-04-15,University,536.26
2024-04-16,Downtown,712.93
2024-04-16,Riverside,375.15
2024-04-16,University,679.12
2024-04-17,Downtown,668.55
2024-04-17,Riverside,418.69
2024-04-17,University,536.55
2024-04-18,Downtown,622.24
2024-04-18,Riverside,375.56
2024-04-18,University,622.89
2024-04-19,Downtown,803.08
2024-04-19,Riverside,429.04
2024-04-19,University,652.63
2024-04-20,Downtown,932.26
2024-04-20,Riverside,500.92
2024-04-20,University,392.02
2024-04-21,Downtown,930.18
2024-04-21,Riverside,476.24
2024-04-21,University,472.85
2024-04-22,Downtown,627.19
2024-04-22,Riverside,354.2
2024-04-22,University,548.85
2024-04-23,Downtown,636.16
2024-04-23,Riverside,402.54
2024-04-23,University,543.5
2024-04-24,Downtown,688.07
2024-04-24,Riverside,410.16
2024-04-24,University,596.27
2024-04-25,Downtown,694.1
2024-04-25,Riverside,354.89
2024-04-25,University,564.48
2024-04-26,Downtown,673.04
2024-04-26,Riverside,364.14
2024-04-26,University,578.68
2024-04-27,Downtown,946.36
2024-04-27,Riverside,578.52
2024-04-27,University,429.93
2024-04-28,Downtown,891.02
2024-04-28,Riverside,528.48
2024-04-28,University,429.0
2024-04-29,Downtown,726.95
2024-04-29,Riverside,389.18
2024-04-29,University,564.71
2024-04-30,Downtown,812.07
2024-04-30,Riverside,417.08
2024-04-30,University,594.72
2024-05-01,Downtown,680.2
2024-05-01,Riverside,418.29
2024-05-01,University,557.93
2024-05-02,Downtown,589.2
2024-05-02,Riverside,384.88
2024-05-02,University,536.61
2024-05-03,Downtown,760.93
2024-05-03,Riverside,419.76
2024-05-03,University,587.66
2024-05-04,Downtown,889.94
2024-05-04,Riverside,504.38
2024-05-04,University,424.43
2024-05-05,Downtown,969.57
2024-05-05,Riverside,542.17
2024-05-05,University,366.72
2024-05-06,Downtown,737.22
2024-05-06,Riverside,425.65
2024-05-06,University,621.46
2024-05-07,Downtown,707.9
2024-05-07,Riverside,458.86
2024-05-07,University,580.93
2024-05-08,Downtown,711.73
2024-05-08,Riverside,436.07
2024-05-08,University,593.85
2024-05-09,Downtown,693.96
2024-05-09,Riverside,393.14
2024-05-09,University,520.45
2024-05-10,Downtown,730.44
2024-05-10,Riverside,425.84
2024-05-10,University,638.98
2024-05-11,Downtown,914.4
2024-05-11,Riverside,407.32
2024-05-11,University,414.88
2024-05-12,Downtown,848.36
2024-05-12,Riverside,517.36
2024-05-12,University,459.52
2024-05-13,Downtown,756.5
2024-05-13,Riverside,411.37
2024-05-13,University,543.07
2024-05-14,Downtown,805.73
2024-05-14,Riverside,425.97
2024-05-14,University,590.31
2024-05-15,Downtown,672.26
2024-05-15,Riverside,387.42
2024-05-15,University,612.92
2024-05-16,Downtown,682.51
2024-05-16,Riverside,405.2
2024-05-16,University,704.42
2024-05-17,Downtown,734.89
2024-05-17,Riverside,373.49
2024-05-17,University,606.43
2024-05-18,Downtown,958.7
2024-05-18,Riverside,514.65
2024-05-18,University,424.98
2024-05-19,Downtown,995.08
2024-05-19,Riverside,524.95
2024-05-19,University,436.94
2024-05-20,Downtown,739.24
2024-05-20,Riverside,427.97
2024-05-20,University,541.23
2024-05-21,Downtown,701.78
2024-05-21,Riverside,395.26
2024-05-21,University,575.41
2024-05-22,Downtown,737.38
2024-05-22,Riverside,419.84
2024-05-22,University,589.48
2024-05-23,Downtown,840.72
2024-05-23,Riverside,440.65
2024-05-23,University,572.41
2024-05-24,Downtown,680.31
2024-05-24,Riverside,466.14
2024-05-24,University,621.99
2024-05-25,Downtown,817.96
2024-05-25,Riverside,527.91
2024-05-25,University,358.5
2024-05-26,Downtown,791.95
2024-05-26,Riverside,521.21
2024-05-26,University,391.69
2024-05-27,Downtown,732.94
2024-05-27,Riverside,412.19
2024-05-27,University,619.53
2024-05-28,Downtown,774.14
2024-05-28,Riverside,420.91
2024-05-28,University,593.65
2024-05-29,Downtown,725.58
2024-05-29,Riverside,426.81
2024-05-29,University,625.46
2024-05-30,Downtown,686.57
2024-05-30,Riverside,452.17
2024-05-30,University,626.34
2024-05-31,Downtown,709.76
2024-05-31,Riverside,367.32
2024-05-31,University,585.45
2024-06-01,Downtown,947.19
2024-06-01,Riverside,588.79
2024-06-01,University,500.14
2024-06-02,Downtown,926.61
2024-06-02,Riverside,570.18
2024-06-02,University,449.18
2024-06-03,Downtown,723.54
2024-06-03,Riverside,427.68
2024-06-03,University,680.32
2024-06-04,Downtown,789.3
2024-06-04,Riverside,405.12
2024-06-04,University,595.83
2024-06-05,Downtown,788.95
2024-06-05,Riverside,392.51
2024-06-05,University,533.63
2024-06-06,Downtown,791.43
2024-06-06,Riverside,389.89
2024-06-06,University,577.35
2024-06-07,Downtown,674.77
2024-06-07,Riverside,469.26
2024-06-07,University,593.27
2024-06-08,Downtown,887.12
2024-06-08,Riverside,492.63
2024-06-08,University,479.04
2024-06-09,Downtown,856.76
2024-06-09,Riverside,576.65
2024-06-09,University,417.46
2024-06-10,Downtown,826.04
2024-06-10,Riverside,415.08
2024-06-10,University,565.37
2024-06-11,Downtown,757.57
2024-06-11,Riverside,397.17
2024-06-11,University,653.62
2024-06-12,Downtown,716.34
2024-06-12,Riverside,454.72
2024-06-12,University,636.35
2024-06-13,Downtown,640.1
2024-06-13,Riverside,381.7
2024-06-13,University,552.55
2024-06-14,Downtown,796.79
2024-06-14,Riverside,362.62
2024-06-14,University,617.85
2024-06-15,Downtown,933.58
2024-06-15,Riverside,540.99
2024-06-15,University,444.67
2024-06-16,Downtown,971.23
2024-06-16,Riverside,589.53
2024-06-16,University,458.84
2024-06-17,Downtown,710.64
2024-06-17,Riverside,391.59
2024-06-17,University,679.52
2024-06-18,Downtown,719.31
2024-06-18,Riverside,406.09
2024-06-18,University,649.44
2024-06-19,Downtown,749.72
2024-06-19,Riverside,426.93
2024-06-19,University,594.29
2024-06-20,Downtown,880.79
2024-06-20,Riverside,457.42
2024-06-20,University,585.55
2024-06-21,Downtown,766.12
2024-06-21,Riverside,421.3
2024-06-21,University,637.38
2024-06-22,Downtown,1014.45
2024-06-22,Riverside,554.33
2024-06-22,University,408.47
2024-06-23,Downtown,928.0
2024-06-23,Riverside,531.34
2024-06-23,University,442.37
2024-06-24,Downtown,661.49
2024-06-24,Riverside,415.49
2024-06-24,University,603.2
2024-06-25,Downtown,808.13
2024-06-25,Riverside,430.36
2024-06-25,University,679.34
2024-06-26,Downtown,740.11
2024-06-26,Riverside,449.34
2024-06-26,University,612.17
2024-06-27,Downtown,784.16
2024-06-27,Riverside,471.82
2024-06-27,University,588.85
2024-06-28,Downtown,797.55
2024-06-28,Riverside,479.64
2024-06-28,University,697.88
2024-06-29,Downtown,918.08
2024-06-29,Riverside,503.77
2024-06-29,University,503.79
2024-06-30,Downtown,915.66
2024-06-30,Riverside,602.29
2024-06-30,University,501.84
2024-07-01,Downtown,841.22
2024-07-01,Riverside,512.78
2024-07-01,University,485.64
2024-07-02,Downtown,737.73
2024-07-02,Riverside,466.42
2024-07-02,University,424.94
2024-07-03,Downtown,765.19
2024-07-03,Riverside,400.99
2024-07-03,University,542.02
2024-07-04,Downtown,733.74
2024-07-04,Riverside,427.4
2024-07-04,University,429.99
2024-07-05,Downtown,838.86
2024-07-05,Riverside,490.28
2024-07-05,University,463.96
2024-07-06,Downtown,1037.19
2024-07-06,Riverside,630.9
2024-07-06,University,290.71
2024-07-07,Downtown,929.87
2024-07-07,Riverside,537.08
2024-07-07,University,308.95
2024-07-08,Downtown,779.87
2024-07-08,Riverside,451.53
2024-07-08,University,459.89
2024-07-09,Downtown,746.7
2024-07-09,Riverside,438.06
2024-07-09,University,420.89
2024-07-10,Downtown,681.01
2024-07-10,Riverside,451.84
2024-07-10,University,482.47
2024-07-11,Downtown,693.28
2024-07-11,Riverside,380.13
2024-07-11,University,468.56
2024-07-12,Downtown,791.33
2024-07-12,Riverside,394.74
2024-07-12,University,492.3
2024-07-13,Downtown,935.23
2024-07-13,Riverside,559.89
2024-07-13,University,329.95
2024-07-14,Downtown,1001.76
2024-07-14,Riverside,540.63
2024-07-14,University,335.63
2024-07-15,Downtown,822.95
2024-07-15,Riverside,379.41
2024-07-15,University,461.22
2024-07-16,Downtown,718.68
2024-07-16,Riverside,429.06
2024-07-16,University,512.95
2024-07-17,Downtown,810.4
2024-07-17,Riverside,393.2
2024-07-17,University,436.63
2024-07-18,Downtown,785.42
2024-07-18,Riverside,447.45
2024-07-18,University,456.46
2024-07-19,Downtown,763.86
2024-07-19,Riverside,433.34
2024-07-19,University,436.86
2024-07-20,Downtown,1108.71
2024-07-20,Riverside,509.8
2024-07-20,University,337.66
2024-07-21,Downtown,956.36
2024-07-21,Riverside,488.18
2024-07-21,University,308.65
2024-07-22,Downtown,735.47
2024-07-22,Riverside,384.83
2024-07-22,University,412.02
2024-07-23,Downtown,737.51
2024-07-23,Riverside,381.57
2024-07-23,University,421.04
2024-07-24,Downtown,701.38
2024-07-24,Riverside,457.37
2024-07-24,University,447.13
2024-07-25,Downtown,753.1
2024-07-25,Riverside,379.45
2024-07-25,University,428.94
2024-07-26,Downtown,866.96
2024-07-26,Riverside,414.91
2024-07-26,University,482.28
2024-07-27,Downtown,921.61
2024-07-27,Riverside,534.2
2024-07-27,University,350.26
2024-07-28,Downtown,873.31
2024-07-28,Riverside,564.81
2024-07-28,University,317.22
2024-07-29,Downtown,826.33
2024-07-29,Riverside,431.45
2024-07-29,University,400.15
2024-07-30,Downtown,758.1
2024-07-30,Riverside,433.49
2024-07-30,University,421.03
2024-07-31,Downtown,731.46
2024-07-31,Riverside,463.53
2024-07-31,University,423.26
2024-08-01,Downtown,709.7
2024-08-01,Riverside,464.26
2024-08-01,University,434.34
2024-08-02,Downtown,746.63
2024-08-02,Riverside,470.15
2024-08-02,University,479.44
2024-08-03,Downtown,847.59
2024-08-03,Riverside,566.69
2024-08-03,University,297.11
2024-08-04,Downtown,966.33
2024-08-04,Riverside,555.89
2024-08-04,University,324.54
2024-08-05,Downtown,733.52
2024-08-05,Riverside,379.87
2024-08-05,University,456.32
2024-08-06,Downtown,706.83
2024-08-06,Riverside,416.55
2024-08-06,University,474.5
2024-08-07,Downtown,703.07
2024-08-07,Riverside,438.17
2024-08-07,University,421.98
2024-08-08,Downtown,820.47
2024-08-08,Riverside,431.31
2024-08-08,University,491.42
2024-08-09,Downtown,759.32
2024-08-09,Riverside,455.85
2024-08-09,University,473.18
2024-08-10,Downtown,924.99
2024-08-10,Riverside,585.31
2024-08-10,University,375.06
2024-08-11,Downtown,1015.35
2024-08-11,Riverside,542.01
2024-08-11,University,307.34
2024-08-12,Downtown,747.81
2024-08-12,University,416.36
2024-08-13,Downtown,715.72
2024-08-13,University,384.5
2024-08-14,Downtown,690.79
2024-08-14,University,426.0
2024-08-15,Downtown,750.97
2024-08-15,University,466.21
2024-08-16,Downtown,682.8
2024-08-16,University,544.22
2024-08-17,Downtown,958.54
2024-08-17,University,335.08
2024-08-18,Downtown,845.88
2024-08-18,University,352.69
2024-08-19,Downtown,725.9
2024-08-19,Riverside,370.89
2024-08-19,University,411.91
2024-08-20,Downtown,679.02
2024-08-20,Riverside,448.21
2024-08-20,University,478.68
2024-08-21,Downtown,863.72
2024-08-21,Riverside,387.39
2024-08-21,University,371.97
2024-08-22,Downtown,710.15
2024-08-22,Riverside,427.0
2024-08-22,University,452.43
2024-08-23,Downtown,775.48
2024-08-23,Riverside,479.49
2024-08-23,University,459.58
2024-08-24,Downtown,874.19
2024-08-24,Riverside,495.31
2024-08-24,University,331.56
2024-08-25,Downtown,923.66
2024-08-25,Riverside,604.37
2024-08-25,University,290.4
2024-08-26,Downtown,767.64
2024-08-26,Riverside,377.42
2024-08-26,University,459.96
2024-08-27,Downtown,749.71
2024-08-27,Riverside,393.72
2024-08-27,University,393.6
2024-08-28,Downtown,698.36
2024-08-28,Riverside,427.8
2024-08-28,University,447.12
2024-08-29,Downtown,723.79
2024-08-29,Riverside,417.29
2024-08-29,University,455.69
2024-08-30,Downtown,725.55
2024-08-30,Riverside,504.39
2024-08-30,University,464.55
2024-08-31,Downtown,982.26
2024-08-31,Riverside,511.5
2024-08-31,University,328.93
2024-09-01,Downtown,973.88
2024-09-01,Riverside,502.83
2024-09-01,University,374.41
2024-09-02,Downtown,795.98
2024-09-02,Riverside,458.46
2024-09-02,University,615.82
2024-09-03,Downtown,827.79
2024-09-03,Riverside,446.49
2024-09-03,University,586.67
2024-09-04,Downtown,743.97
2024-09-04,Riverside,444.23
2024-09-04,University,618.45
2024-09-05,Downtown,797.57
2024-09-05,Riverside,431.24
2024-09-05,University,677.54
2024-09-06,Downtown,787.86
2024-09-06,Riverside,428.05
2024-09-06,University,668.74
2024-09-07,Downtown,999.08
2024-09-07,Riverside,509.28
2024-09-07,University,376.8
2024-09-08,Downtown,819.56
2024-09-08,Riverside,556.76
2024-09-08,University,440.23
2024-09-09,Downtown,728.65
2024-09-09,Riverside,450.76
2024-09-09,University,697.43
2024-09-10,Downtown,771.41
2024-09-10,Riverside,355.06
2024-09-10,University,556.56
2024-09-11,Downtown,770.65
2024-09-11,Riverside,483.75
2024-09-11,University,685.95
2024-09-12,Downtown,718.42
2024-09-12,Riverside,447.61
2024-09-12,University,631.96
2024-09-13,Downtown,846.22
2024-09-13,Riverside,382.66
2024-09-13,University,588.95
2024-09-14,Downtown,881.95
2024-09-14,Riverside,508.51
2024-09-14,University,399.75
2024-09-15,Downtown,888.27
2024-09-15,Riverside,473.47
2024-09-15,University,386.08
2024-09-16,Downtown,699.22
2024-09-16,Riverside,400.49
2024-09-16,University,624.3
2024-09-17,Downtown,759.05
2024-09-17,Riverside,451.9
2024-09-17,University,543.81
2024-09-18,Downtown,737.18
2024-09-18,Riverside,464.07
2024-09-18,University,556.38
2024-09-19,Downtown,786.25
2024-09-19,Riverside,447.19
2024-09-19,University,676.46
2024-09-20,Downtown,809.0
2024-09-20,Riverside,454.04
2024-09-20,University,618.8
2024-09-21,Downtown,762.7
2024-09-21,Riverside,495.39
2024-09-21,University,411.67
2024-09-22,Downtown,878.23
2024-09-22,Riverside,494.36
2024-09-22,University,419.97
2024-09-23,Downtown,677.38
2024-09-23,Riverside,415.0
2024-09-23,University,672.25
2024-09-24,Downtown,742.04
2024-09-24,Riverside,456.16
2024-09-24,University,582.73
2024-09-25,Downtown,685.88
2024-09-25,Riverside,436.8
2024-09-25,University,631.34
2024-09-26,Downtown,691.23
2024-09-26,Riverside,394.05
2024-09-26,University,528.9
2024-09-27,Downtown,645.2
2024-09-27,Riverside,465.56
2024-09-27,University,640.69
2024-09-28,Downtown,993.66
2024-09-28,Riverside,522.18
2024-09-28,University,450.98
2024-09-29,Downtown,951.05
2024-09-29,Riverside,589.5
2024-09-29,University,493.76
2024-09-30,Downtown,667.7
2024-09-30,Riverside,363.32
2024-09-30,University,597.53
2024-10-01,Downtown,658.36
2024-10-01,Riverside,428.99
2024-10-01,University,600.66
2024-10-02,Downtown,694.88
2024-10-02,Riverside,367.51
2024-10-02,University,561.31
2024-10-03,Downtown,766.58
2024-10-03,Riverside,411.76
2024-10-03,University,642.64
2024-10-04,Downtown,687.52
2024-10-04,Riverside,336.89
2024-10-04,University,607.93
2024-10-05,Downtown,912.55
2024-10-05,Riverside,490.7
2024-10-05,University,418.12
2024-10-06,Downtown,957.95
2024-10-06,Riverside,486.67
2024-10-06,University,402.47
2024-10-07,Downtown,857.1
2024-10-07,Riverside,426.26
2024-10-07,University,623.66
2024-10-08,Downtown,649.99
2024-10-08,Riverside,385.84
2024-10-08,University,496.38
2024-10-09,Downtown,743.32
2024-10-09,Riverside,341.76
2024-10-09,University,490.6
2024-10-10,Downtown,788.08
2024-10-10,Riverside,428.65
2024-10-10,University,594.81
2024-10-11,Downtown,810.41
2024-10-11,Riverside,448.94
2024-10-11,University,612.88
2024-10-12,Downtown,801.47
2024-10-12,Riverside,506.84
2024-10-12,University,456.86
2024-10-13,Downtown,769.46
2024-10-13,Riverside,470.85
2024-10-13,University,483.64
2024-10-14,Downtown,715.64
2024-10-14,Riverside,370.8
2024-10-14,University,614.43
2024-10-15,Downtown,764.3
2024-10-15,Riverside,359.46
2024-10-15,University,679.22
2024-10-16,Downtown,809.56
2024-10-16,Riverside,423.39
2024-10-16,University,544.72
2024-10-17,Downtown,613.79
2024-10-17,Riverside,443.15
2024-10-17,University,589.46
2024-10-18,Downtown,742.55
2024-10-18,Riverside,411.26
2024-10-18,University,648.19
2024-10-19,Downtown,866.33
2024-10-19,Riverside,509.38
2024-10-19,University,397.99
2024-10-20,Downtown,796.81
2024-10-20,Riverside,521.08
2024-10-20,University,396.13
2024-10-21,Downtown,652.76
2024-10-21,Riverside,445.94
2024-10-21,University,599.34
2024-10-22,Downtown,661.29
2024-10-22,Riverside,458.54
2024-10-22,University,583.62
2024-10-23,Downtown,596.95
2024-10-23,Riverside,436.06
2024-10-23,University,574.58
2024-10-24,Downtown,776.15
2024-10-24,Riverside,431.49
2024-10-24,University,636.83
2024-10-25,Downtown,743.24
2024-10-25,Riverside,368.73
2024-10-25,University,548.84
2024-10-26,Downtown,914.65
2024-10-26,Riverside,523.17
2024-10-26,University,429.91
2024-10-27,Downtown,893.48
2024-10-27,Riverside,465.57
2024-10-27,University,388.21
2024-10-28,Downtown,601.95
2024-10-28,Riverside,406.08
2024-10-28,University,603.74
2024-10-29,Downtown,741.12
2024-10-29,Riverside,361.84
2024-10-29,University,658.07
2024-10-30,Downtown,710.06
2024-10-30,Riverside,418.99
2024-10-30,University,555.66
2024-10-31,Downtown,752.01
2024-10-31,Riverside,414.82
2024-10-31,University,603.0
2024-11-01,Downtown,682.93
2024-11-01,Riverside,374.52
2024-11-01,University,606.48
2024-11-02,Downtown,761.01
2024-11-02,Riverside,475.54
2024-11-02,University,385.82
2024-11-03,Downtown,911.96
2024-11-03,Riverside,489.3
2024-11-03,University,418.78
2024-11-04,Downtown,774.66
2024-11-04,Riverside,429.44
2024-11-04,University,611.66
2024-11-05,Downtown,597.01
2024-11-05,Riverside,429.99
2024-11-05,University,556.03
2024-11-06,Downtown,723.5
2024-11-06,Riverside,386.19
2024-11-06,University,588.33
2024-11-07,Downtown,624.34
2024-11-07,Riverside,467.98
2024-11-07,University,596.84
2024-11-08,Downtown,797.0
2024-11-08,Riverside,424.95
2024-11-08,University,651.92
2024-11-09,Downtown,1027.95
2024-11-09,Riverside,453.0
2024-11-09,University,454.8
2024-11-10,Downtown,772.43
2024-11-10,Riverside,516.63
2024-11-10,University,437.17
2024-11-11,Downtown,682.41
2024-11-11,Riverside,375.46
2024-11-11,University,476.67
2024-11-12,Downtown,660.48
2024-11-12,Riverside,405.23
2024-11-12,University,564.38
2024-11-13,Downtown,677.45
2024-11-13,Riverside,447.09
2024-11-13,University,564.96
2024-11-14,Downtown,608.44
2024-11-14,Riverside,438.53
2024-11-14,University,600.12
2024-11-15,Downtown,648.72
2024-11-15,Riverside,385.03
2024-11-15,University,646.0
2024-11-16,Downtown,824.36
2024-11-16,Riverside,481.31
2024-11-16,University,395.07
2024-11-17,Downtown,839.45
2024-11-17,Riverside,434.41
2024-11-17,University,439.54
2024-11-18,Downtown,657.41
2024-11-18,Riverside,390.57
2024-11-18,University,611.12
2024-11-19,Downtown,681.06
2024-11-19,Riverside,396.52
2024-11-19,University,556.18
2024-11-20,Downtown,673.16
2024-11-20,Riverside,324.26
2024-11-20,University,579.27
2024-11-21,Downtown,703.29
2024-11-21,Riverside,392.35
2024-11-21,University,505.58
2024-11-22,Downtown,676.47
2024-11-22,Riverside,436.85
2024-11-22,University,641.21
2024-11-23,Downtown,796.54
2024-11-23,Riverside,518.17
2024-11-23,University,444.73
2024-11-24,Downtown,729.07
2024-11-24,Riverside,442.25
2024-11-24,University,366.56
2024-11-25,Downtown,708.48
2024-11-25,Riverside,406.28
2024-11-25,University,584.85
2024-11-26,Downtown,678.3
2024-11-26,Riverside,397.39
2024-11-26,University,630.04
2024-11-27,Downtown,726.32
2024-11-27,Riverside,412.76
2024-11-27,University,557.77
2024-11-28,Downtown,675.54
2024-11-28,Riverside,372.66
2024-11-28,University,541.67
2024-11-29,Downtown,730.42
2024-11-29,Riverside,445.66
2024-11-29,University,553.03
2024-11-30,Downtown,769.21
2024-11-30,Riverside,480.88
2024-11-30,University,352.43
2024-12-01,Downtown,990.3
2024-12-01,Riverside,513.05
2024-12-01,University,451.94
2024-12-02,Downtown,714.33
2024-12-02,Riverside,444.02
2024-12-02,University,614.15
2024-12-03,Downtown,772.11
2024-12-03,Riverside,457.98
2024-12-03,University,657.43
2024-12-04,Downtown,814.98
2024-12-04,Riverside,417.9
2024-12-04,University,669.09
2024-12-05,Downtown,706.75
2024-12-05,Riverside,413.94
2024-12-05,University,626.39
2024-12-06,Downtown,731.12
2024-12-06,Riverside,420.85
2024-12-06,University,609.54
2024-12-07,Downtown,888.06
2024-12-07,Riverside,520.96
2024-12-07,University,446.83
2024-12-08,Downtown,976.74
2024-12-08,Riverside,515.1
2024-12-08,University,443.75
2024-12-09,Downtown,750.73
2024-12-09,Riverside,416.96
2024-12-09,University,608.51
2024-12-10,Downtown,764.13
2024-12-10,Riverside,388.49
2024-12-10,University,778.49
2024-12-11,Downtown,751.11
2024-12-11,Riverside,417.27
2024-12-11,University,587.14
2024-12-12,Downtown,832.59
2024-12-12,Riverside,505.92
2024-12-12,University,597.28
2024-12-13,Downtown,757.38
2024-12-13,Riverside,482.01
2024-12-13,University,677.95
2024-12-14,Downtown,1026.53
2024-12-14,Riverside,684.34
2024-12-14,University,411.28
2024-12-15,Downtown,887.69
2024-12-15,Riverside,539.67
2024-12-15,University,417.53
2024-12-16,Downtown,802.05
2024-12-16,Riverside,467.28
2024-12-16,University,612.16
2024-12-17,Downtown,677.46
2024-12-17,Riverside,370.41
2024-12-17,University,562.14
2024-12-18,Downtown,711.32
2024-12-18,Riverside,381.11
2024-12-18,University,483.07
2024-12-19,Downtown,727.13
2024-12-19,Riverside,446.91
2024-12-19,University,734.56
2024-12-20,Downtown,674.16
2024-12-20,Riverside,432.75
2024-12-20,University,506.01
2024-12-21,Downtown,801.61
2024-12-21,Riverside,634.56
2024-12-21,University,266.59
2024-12-22,Downtown,934.31
2024-12-22,Riverside,522.01
2024-12-22,University,324.33
2024-12-23,Downtown,768.22
2024-12-23,Riverside,461.63
2024-12-23,University,445.65
2024-12-24,Downtown,745.34
2024-12-24,Riverside,432.73
2024-12-24,University,525.55
2024-12-26,Downtown,745.18
2024-12-26,Riverside,356.61
2024-12-26,University,400.57
2024-12-27,Downtown,735.05
2024-12-27,Riverside,408.34
2024-12-27,University,432.08
2024-12-28,Downtown,819.99
2024-12-28,Riverside,474.26
2024-12-28,University,337.87
2024-12-29,Downtown,979.35
2024-12-29,Riverside,436.41
2024-12-29,University,273.59
2024-12-30,Downtown,687.79
2024-12-30,Riverside,381.01
2024-12-30,University,381.52
2024-12-31,Downtown,735.23
2024-12-31,Riverside,374.91
2024-12-31,University,418.8
2025-01-01,Downtown,655.86
2025-01-01,Riverside,380.4
2025-01-01,University,394.55
2025-01-02,Downtown,709.98
2025-01-02,Riverside,376.45
2025-01-02,University,415.23
2025-01-03,Downtown,652.83
2025-01-03,Riverside,394.06
2025-01-03,University,377.49
2025-01-04,Downtown,968.58
2025-01-04,Riverside,519.07
2025-01-04,University,307.08
2025-01-05,Downtown,862.44
2025-01-05,Riverside,496.21
2025-01-05,University,254.61
2025-01-06,Downtown,814.0
2025-01-06,Riverside,397.21
2025-01-06,University,388.96
2025-01-07,Downtown,608.33
2025-01-07,Riverside,406.56
2025-01-07,University,415.56
2025-01-08,Downtown,644.0
2025-01-08,Riverside,408.22
2025-01-08,University,409.5
2025-01-09,Downtown,679.49
2025-01-09,Riverside,365.44
2025-01-09,University,613.5
2025-01-10,Downtown,748.72
2025-01-10,Riverside,480.43
2025-01-10,University,599.77
2025-01-11,Downtown,805.66
2025-01-11,Riverside,456.88
2025-01-11,University,429.33
2025-01-12,Downtown,779.23
2025-01-12,Riverside,443.4
2025-01-12,University,439.83
2025-01-13,Downtown,647.46
2025-01-13,Riverside,416.41
2025-01-13,University,602.47
2025-01-14,Downtown,653.45
2025-01-14,Riverside,346.29
2025-01-14,University,533.34
2025-01-15,Downtown,687.61
2025-01-15,Riverside,378.7
2025-01-15,University,616.79
2025-01-16,Downtown,602.34
2025-01-16,Riverside,436.86
2025-01-16,University,628.84
2025-01-17,Downtown,742.92
2025-01-17,Riverside,372.47
2025-01-17,University,459.56
2025-01-18,Downtown,787.73
2025-01-18,Riverside,486.15
2025-01-18,University,354.25
2025-01-19,Downtown,800.18
2025-01-19,Riverside,554.87
2025-01-19,University,368.64
2025-01-20,Downtown,650.18
2025-01-20,Riverside,371.61
2025-01-20,University,563.14
2025-01-21,Downtown,753.97
2025-01-21,Riverside,465.12
2025-01-21,University,578.62
2025-01-22,Downtown,629.9
2025-01-22,Riverside,347.35
2025-01-22,University,534.57
2025-01-23,Downtown,676.8
2025-01-23,Riverside,363.65
2025-01-23,University,641.01
2025-01-24,Downtown,696.87
2025-01-24,Riverside,399.32
2025-01-24,University,570.13
2025-01-25,Downtown,847.07
2025-01-25,Riverside,473.52
2025-01-25,University,412.82
2025-01-26,Downtown,713.02
2025-01-26,Riverside,466.05
2025-01-26,University,419.53
2025-01-27,Downtown,677.95
2025-01-27,Riverside,440.31
2025-01-27,University,555.1
2025-01-28,Downtown,784.46
2025-01-28,Riverside,398.66
2025-01-28,University,661.57
2025-01-29,Downtown,626.07
2025-01-29,Riverside,409.06
2025-01-29,University,574.15
2025-01-30,Downtown,614.83
2025-01-30,Riverside,408.74
2025-01-30,University,529.34
2025-01-31,Downtown,717.01
2025-01-31,Riverside,384.35
2025-01-31,University,552.06
2025-02-01,Downtown,918.04
2025-02-01,Riverside,506.08
2025-02-01,University,371.5
2025-02-02,Downtown,890.52
2025-02-02,Riverside,479.4
2025-02-02,University,439.22
2025-02-03,Downtown,634.94
2025-02-03,Riverside,426.54
2025-02-03,University,542.67
2025-02-04,Downtown,606.26
2025-02-04,Riverside,344.06
2025-02-04,University,590.85
2025-02-05,Downtown,636.21
2025-02-05,Riverside,397.35
2025-02-05,University,557.0
2025-02-06,Downtown,637.42
2025-02-06,Riverside,356.71
2025-02-06,University,577.31
2025-02-07,Downtown,711.3
2025-02-07,Riverside,388.61
2025-02-07,University,550.29
2025-02-08,Downtown,794.49
2025-02-08,Riverside,509.18
2025-02-08,University,369.53
2025-02-09,Downtown,915.5
2025-02-09,Riverside,482.41
2025-02-09,University,464.29
2025-02-10,Downtown,773.64
2025-02-10,Riverside,370.01
2025-02-10,University,574.62
2025-02-11,Downtown,728.34
2025-02-11,Riverside,387.72
2025-02-11,University,519.69
2025-02-12,Downtown,832.18
2025-02-12,Riverside,404.81
2025-02-12,University,547.9
2025-02-13,Downtown,647.41
2025-02-13,Riverside,433.1
2025-02-13,University,582.87
2025-02-14,Downtown,634.18
2025-02-14,Riverside,422.88
2025-02-14,University,536.81
2025-02-15,Downtown,744.35
2025-02-15,Riverside,509.5
2025-02-15,University,473.23
2025-02-16,Downtown,933.26
2025-02-16,Riverside,461.57
2025-02-16,University,391.31
2025-02-17,Downtown,663.75
2025-02-17,Riverside,436.6
2025-02-17,University,595.65
2025-02-18,Downtown,678.08
2025-02-18,Riverside,485.7
2025-02-18,University,657.37
2025-02-19,Downtown,668.76
2025-02-19,Riverside,419.26
2025-02-19,University,528.8
2025-02-20,Downtown,766.45
2025-02-20,Riverside,402.79
2025-02-20,University,599.3
2025-02-21,Downtown,692.09
2025-02-21,Riverside,387.7
2025-02-21,University,569.89
2025-02-22,Downtown,920.74
2025-02-22,Riverside,537.57
2025-02-22,University,439.14
2025-02-23,Downtown,853.14
2025-02-23,Riverside,535.33
2025-02-23,University,419.19
2025-02-24,Downtown,818.81
2025-02-24,Riverside,385.96
2025-02-24,University,635.73
2025-02-25,Downtown,623.28
2025-02-25,Riverside,389.23
2025-02-25,University,533.65
2025-02-26,Downtown,778.42
2025-02-26,Riverside,409.43
2025-02-26,University,470.72
2025-02-27,Downtown,807.98
2025-02-27,Riverside,403.0
2025-02-27,University,571.78
2025-02-28,Downtown,677.61
2025-02-28,Riverside,377.34
2025-02-28,University,648.27
2025-03-01,Downtown,860.81
2025-03-01,Riverside,458.69
2025-03-01,University,427.27
2025-03-02,Downtown,853.53
2025-03-02,Riverside,474.8
2025-03-02,University,432.2
2025-03-03,Downtown,699.38
2025-03-03,Riverside,382.41
2025-03-03,University,549.95
2025-03-04,Downtown,791.22
2025-03-04,Riverside,411.67
2025-03-04,University,603.05
2025-03-05,Downtown,703.96
2025-03-05,Riverside,328.96
2025-03-05,University,565.04
2025-03-06,Downtown,748.36
2025-03-06,Riverside,402.5
2025-03-06,University,561.8
2025-03-07,Downtown,725.12
2025-03-07,Riverside,437.54
2025-03-07,University,574.43
2025-03-08,Downtown,841.78
2025-03-08,Riverside,496.16
2025-03-08,University,488.82
2025-03-09,Downtown,1028.9
2025-03-09,Riverside,632.14
2025-03-09,University,395.18
2025-03-10,Downtown,650.01
2025-03-10,Riverside,445.46
2025-03-10,University,543.01
2025-03-11,Downtown,686.34
2025-03-11,Riverside,356.02
2025-03-11,University,611.73
2025-03-12,Downtown,846.96
2025-03-12,Riverside,444.09
2025-03-12,University,667.06
2025-03-13,Downtown,836.05
2025-03-13,Riverside,407.8
2025-03-13,University,681.56
2025-03-14,Downtown,641.86
2025-03-14,Riverside,351.66
2025-03-14,University,650.38
2025-03-15,Downtown,830.06
2025-03-15,Riverside,516.56
2025-03-15,University,408.96
2025-03-16,Downtown,944.62
2025-03-16,Riverside,582.17
2025-03-16,University,393.0
2025-03-17,Downtown,637.18
2025-03-17,Riverside,407.59
2025-03-17,University,557.16
2025-03-18,Downtown,775.97
2025-03-18,Riverside,392.5
2025-03-18,University,593.67
2025-03-19,Downtown,688.25
2025-03-19,Riverside,444.46
2025-03-19,University,676.96
2025-03-20,Downtown,726.66
2025-03-20,Riverside,434.77
2025-03-20,University,515.67
2025-03-21,Downtown,653.0
2025-03-21,Riverside,434.36
2025-03-21,University,583.71
2025-03-22,Downtown,780.22
2025-03-22,Riverside,522.43
2025-03-22,University,376.9
2025-03-23,Downtown,964.75
2025-03-23,Riverside,516.95
2025-03-23,University,479.95
2025-03-24,Downtown,718.34
2025-03-24,Riverside,496.49
2025-03-24,University,630.3
2025-03-25,Downtown,801.35
2025-03-25,Riverside,423.61
2025-03-25,University,650.82
2025-03-26,Downtown,700.2
2025-03-26,Riverside,354.18
2025-03-26,University,684.25
2025-03-27,Downtown,676.82
2025-03-27,Riverside,372.17
2025-03-27,University,625.27
2025-03-28,Downtown,878.35
2025-03-28,Riverside,405.72
2025-03-28,University,603.96
2025-03-29,Downtown,881.24
2025-03-29,Riverside,525.06
2025-03-29,University,389.46
2025-03-30,Downtown,979.52
2025-03-30,Riverside,515.69
2025-03-30,University,459.89
2025-03-31,Downtown,749.13
2025-03-31,Riverside,427.29
2025-03-31,University,630.41
2025-04-01,Downtown,677.68
2025-04-01,Riverside,422.66
2025-04-01,University,555.48
2025-04-02,Downtown,864.34
2025-04-02,Riverside,429.98
2025-04-02,University,612.6
2025-04-03,Downtown,830.06
2025-04-03,Riverside,383.29
2025-04-03,University,688.71
2025-04-04,Downtown,832.12
2025-04-04,Riverside,362.34
2025-04-04,University,828.93
2025-04-05,Downtown,820.97
2025-04-05,Riverside,513.55
2025-04-05,University,412.61
2025-04-06,Downtown,808.17
2025-04-06,Riverside,529.33
2025-04-06,University,434.81
2025-04-07,Downtown,761.75
2025-04-07,Riverside,415.35
2025-04-07,University,558.46
2025-04-08,Downtown,604.61
2025-04-08,Riverside,441.82
2025-04-08,University,572.43
2025-04-09,Downtown,701.13
2025-04-09,Riverside,429.76
2025-04-09,University,684.22
2025-04-10,Downtown,718.28
2025-04-10,Riverside,420.97
2025-04-10,University,548.51
2025-04-11,Downtown,587.79
2025-04-11,Riverside,463.54
2025-04-11,University,623.5
2025-04-12,Downtown,952.62
2025-04-12,Riverside,534.24
2025-04-12,University,441.99
2025-04-13,Downtown,1018.49
2025-04-13,Riverside,516.04
2025-04-13,University,440.71
2025-04-14,Downtown,785.39
2025-04-14,Riverside,407.25
2025-04-14,University,570.26
2025-04-15,Downtown,738.5
2025-04-15,Riverside,478.19
2025-04-15,University,623.34
2025-04-16,Downtown,874.15
2025-04-16,Riverside,426.08
2025-04-16,University,595.13
2025-04-17,Downtown,805.98
2025-04-17,Riverside,454.88
2025-04-17,University,693.11
2025-04-18,Downtown,704.48
2025-04-18,Riverside,464.89
2025-04-18,University,710.99
2025-04-19,Downtown,1049.48
2025-04-19,Riverside,522.73
2025-04-19,University,420.39
2025-04-20,Downtown,1117.65
2025-04-20,Riverside,496.87
2025-04-20,University,455.8
2025-04-21,Downtown,741.95
2025-04-21,Riverside,479.03
2025-04-21,University,551.56
2025-04-22,Downtown,833.28
2025-04-22,Riverside,381.51
2025-04-22,University,612.46
2025-04-23,Downtown,821.57
2025-04-23,Riverside,408.62
2025-04-23,University,668.85
2025-04-24,Downtown,707.43
2025-04-24,Riverside,470.74
2025-04-24,University,595.72
2025-04-25,Downtown,821.78
2025-04-25,Riverside,468.56
2025-04-25,University,667.93
2025-04-26,Downtown,879.47
2025-04-26,Riverside,579.02
2025-04-26,University,454.48
2025-04-27,Downtown,880.58
2025-04-27,Riverside,513.04
2025-04-27,University,466.7
2025-04-28,Downtown,844.86
2025-04-28,Riverside,443.75
2025-04-28,University,715.5
2025-04-29,Downtown,712.62
2025-04-29,Riverside,417.43
2025-04-29,University,588.82
2025-04-30,Downtown,801.89
2025-04-30,Riverside,426.93
2025-04-30,University,641.02
2025-05-01,Downtown,782.35
2025-05-01,Riverside,462.04
2025-05-01,University,674.93
2025-05-02,Downtown,747.81
2025-05-02,Riverside,460.38
2025-05-02,University,741.96
2025-05-03,Downtown,941.68
2025-05-03,Riverside,505.12
2025-05-03,University,427.74
2025-05-04,Downtown,863.61
2025-05-04,Riverside,519.34
2025-05-04,University,442.62
2025-05-05,Downtown,788.54
2025-05-05,Riverside,472.15
2025-05-05,University,649.08
2025-05-06,Downtown,827.53
2025-05-06,Riverside,427.32
2025-05-06,University,656.42
2025-05-07,Downtown,827.54
2025-05-07,Riverside,421.74
2025-05-07,University,675.62
2025-05-08,Downtown,783.23
2025-05-08,Riverside,432.8
2025-05-08,University,682.3
2025-05-09,Downtown,711.84
2025-05-09,Riverside,391.56
2025-05-09,University,758.93
2025-05-10,Downtown,1050.59
2025-05-10,Riverside,552.57
2025-05-10,University,408.86
2025-05-11,Downtown,830.31
2025-05-11,Riverside,565.67
2025-05-11,University,445.86
2025-05-12,Downtown,663.15
2025-05-12,Riverside,435.07
2025-05-12,University,677.87
2025-05-13,Downtown,752.31
2025-05-13,Riverside,497.43
2025-05-13,University,693.96
2025-05-14,Downtown,836.11
2025-05-14,Riverside,505.62
2025-05-14,University,617.93
2025-05-15,Downtown,734.65
2025-05-15,Riverside,430.48
2025-05-15,University,622.97
2025-05-16,Downtown,758.08
2025-05-16,Riverside,522.09
2025-05-16,University,622.45
2025-05-17,Downtown,940.22
2025-05-17,Riverside,529.68
2025-05-17,University,448.99
2025-05-18,Downtown,1099.71
2025-05-18,Riverside,575.02
2025-05-18,University,484.46
2025-05-19,Downtown,690.7
2025-05-19,Riverside,444.8
2025-05-19,University,687.66
2025-05-20,Downtown,875.8
2025-05-20,Riverside,425.9
2025-05-20,University,571.36
2025-05-21,Downtown,984.24
2025-05-21,Riverside,430.79
2025-05-21,University,667.33
2025-05-22,Downtown,853.57
2025-05-22,Riverside,444.89
2025-05-22,University,646.88
2025-05-23,Downtown,736.56
2025-05-23,Riverside,453.92
2025-05-23,University,575.88
2025-05-24,Downtown,1017.5
2025-05-24,Riverside,585.62
2025-05-24,University,498.63
2025-05-25,Downtown,1002.7
2025-05-25,Riverside,560.81
2025-05-25,University,512.0
2025-05-26,Downtown,804.82
2025-05-26,Riverside,421.37
2025-05-26,University,608.83
2025-05-27,Downtown,782.03
2025-05-27,Riverside,408.65
2025-05-27,University,660.33
2025-05-28,Downtown,840.69
2025-05-28,Riverside,574.73
2025-05-28,University,597.42
2025-05-29,Downtown,886.83
2025-05-29,Riverside,467.99
2025-05-29,University,674.85
2025-05-30,Downtown,872.79
2025-05-30,Riverside,497.53
2025-05-30,University,692.94
2025-05-31,Downtown,957.93
2025-05-31,Riverside,541.56
2025-05-31,University,452.19
2025-06-01,Downtown,1025.28
2025-06-01,Riverside,637.9
2025-06-01,University,544.23
2025-06-02,Downtown,756.8
2025-06-02,Riverside,433.04
2025-06-02,University,700.03
2025-06-03,Downtown,748.51
2025-06-03,Riverside,499.54
2025-06-03,University,588.44
2025-06-04,Downtown,858.02
2025-06-04,Riverside,494.97
2025-06-04,University,693.58
2025-06-05,Downtown,771.32
2025-06-05,Riverside,399.45
2025-06-05,University,607.72
2025-06-06,Downtown,922.31
2025-06-06,Riverside,437.85
2025-06-06,University,626.61
2025-06-07,Downtown,1004.91
2025-06-07,Riverside,663.56
2025-06-07,University,424.91
2025-06-08,Downtown,1056.98
2025-06-08,Riverside,592.74
2025-06-08,University,397.38
2025-06-09,Downtown,784.3
2025-06-09,Riverside,445.12
2025-06-09,University,686.37
2025-06-10,Downtown,714.62
2025-06-10,Riverside,479.2
2025-06-10,University,703.77
2025-06-11,Downtown,708.96
2025-06-11,Riverside,462.55
2025-06-11,University,710.87
2025-06-12,Downtown,838.83
2025-06-12,Riverside,434.13
2025-06-12,University,690.19
2025-06-13,Downtown,740.37
2025-06-13,Riverside,446.06
2025-06-13,University,583.66
2025-06-14,Downtown,1050.34
2025-06-14,Riverside,598.19
2025-06-14,University,444.04
2025-06-15,Downtown,1064.63
2025-06-15,Riverside,591.37
2025-06-15,University,424.72
2025-06-16,Downtown,740.11
2025-06-16,Riverside,505.22
2025-06-16,University,700.81
2025-06-17,Downtown,926.29
2025-06-17,Riverside,405.24
2025-06-17,University,620.99
2025-06-18,Downtown,881.35
2025-06-18,Riverside,467.48
2025-06-18,University,673.51
2025-06-19,Downtown,768.19
2025-06-19,Riverside,451.51
2025-06-19,University,653.11
2025-06-20,Downtown,910.5
2025-06-20,Riverside,441.27
2025-06-20,University,623.63
2025-06-21,Downtown,981.13
2025-06-21,Riverside,597.09
2025-06-21,University,439.55
2025-06-22,Downtown,911.99
2025-06-22,Riverside,549.07
2025-06-22,University,504.56
2025-06-23,Downtown,836.47
2025-06-23,Riverside,440.14
2025-06-23,University,715.78
2025-06-24,Downtown,842.96
2025-06-24,Riverside,455.65
2025-06-24,University,775.04
2025-06-25,Downtown,846.84
2025-06-25,Riverside,527.79
2025-06-25,University,654.69
2025-06-26,Downtown,900.69
2025-06-26,Riverside,441.3
2025-06-26,University,610.67
2025-06-27,Downtown,753.4
2025-06-27,Riverside,456.91
2025-06-27,University,704.24
2025-06-28,Downtown,1096.47
2025-06-28,Riverside,588.8
2025-06-28,University,475.1
2025-06-29,Downtown,959.07
2025-06-29,Riverside,627.6
2025-06-29,University,476.05
2025-06-30,Downtown,805.05
2025-06-30,Riverside,410.72
2025-06-30,University,681.38
2025-07-01,Downtown,895.38
2025-07-01,Riverside,418.09
2025-07-01,University,508.85
2025-07-02,Downtown,835.44
2025-07-02,Riverside,435.47
2025-07-02,University,516.46
2025-07-03,Downtown,746.22
2025-07-03,Riverside,474.78
2025-07-03,University,482.61
2025-07-04,Downtown,765.76
2025-07-04,Riverside,544.33
2025-07-04,University,479.4
2025-07-05,Downtown,1000.39
2025-07-05,Riverside,580.18
2025-07-05,University,334.67
2025-07-06,Downtown,971.93
2025-07-06,Riverside,550.65
2025-07-06,University,338.87
2025-07-07,Downtown,731.77
2025-07-07,Riverside,466.83
2025-07-07,University,512.82
2025-07-08,Downtown,653.06
2025-07-08,Riverside,467.77
2025-07-08,University,473.62
2025-07-09,Downtown,792.36
2025-07-09,Riverside,502.2
2025-07-09,University,493.74
2025-07-10,Downtown,856.97
2025-07-10,Riverside,493.71
2025-07-10,University,427.03
2025-07-11,Downtown,814.75
2025-07-11,Riverside,552.65
2025-07-11,University,487.29
2025-07-12,Downtown,1148.68
2025-07-12,Riverside,614.9
2025-07-12,University,320.2
2025-07-13,Downtown,978.04
2025-07-13,Riverside,623.08
2025-07-13,University,342.64
2025-07-14,Downtown,877.36
2025-07-14,Riverside,444.62
2025-07-14,University,436.21
2025-07-15,Downtown,790.7
2025-07-15,Riverside,490.96
2025-07-15,University,571.83
2025-07-16,Downtown,762.89
2025-07-16,Riverside,415.81
2025-07-16,University,554.62
2025-07-17,Downtown,824.3
2025-07-17,Riverside,467.94
2025-07-17,University,519.25
2025-07-18,Downtown,850.62
2025-07-18,Riverside,418.36
2025-07-18,University,505.49
2025-07-19,Downtown,966.99
2025-07-19,Riverside,678.64
2025-07-19,University,324.22
2025-07-20,Downtown,1074.74
2025-07-20,Riverside,621.17
2025-07-20,University,312.99
2025-07-21,Downtown,849.4
2025-07-21,Riverside,532.4
2025-07-21,University,528.21
2025-07-22,Downtown,754.76
2025-07-22,Riverside,483.53
2025-07-22,University,437.8
2025-07-23,Downtown,771.11
2025-07-23,Riverside,443.08
2025-07-23,University,532.69
2025-07-24,Downtown,776.49
2025-07-24,Riverside,447.89
2025-07-24,University,468.69
2025-07-25,Downtown,893.27
2025-07-25,Riverside,529.28
2025-07-25,University,441.63
2025-07-26,Downtown,1126.24
2025-07-26,Riverside,633.34
2025-07-26,University,319.15
2025-07-27,Downtown,1047.9
2025-07-27,Riverside,525.29
2025-07-27,University,325.7
2025-07-28,Downtown,844.12
2025-07-28,Riverside,480.14
2025-07-28,University,422.25
2025-07-29,Downtown,802.26
2025-07-29,Riverside,485.09
2025-07-29,University,525.23
2025-07-30,Downtown,911.46
2025-07-30,Riverside,463.3
2025-07-30,University,459.61
2025-07-31,Downtown,831.44
2025-07-31,Riverside,512.67
2025-07-31,University,562.94
2025-08-01,Downtown,805.11
2025-08-01,Riverside,474.66
2025-08-01,University,474.03
2025-08-02,Downtown,1285.29
2025-08-02,Riverside,517.51
2025-08-02,University,363.22
2025-08-03,Downtown,899.59
2025-08-03,Riverside,598.12
2025-08-03,University,345.28
2025-08-04,Downtown,795.37
2025-08-04,Riverside,548.68
2025-08-04,University,498.8
2025-08-05,Downtown,781.18
2025-08-05,Riverside,423.83
2025-08-05,University,511.47
2025-08-06,Downtown,860.1
2025-08-06,Riverside,453.5
2025-08-06,University,530.19
2025-08-07,Downtown,778.94
2025-08-07,Riverside,526.6
2025-08-07,University,510.25
2025-08-08,Downtown,777.76
2025-08-08,Riverside,531.21
2025-08-08,University,457.46
2025-08-09,Downtown,906.63
2025-08-09,Riverside,554.78
2025-08-09,University,360.38
2025-08-10,Downtown,1018.06
2025-08-10,Riverside,581.1
2025-08-10,University,374.47
2025-08-11,Downtown,749.09
2025-08-11,Riverside,541.04
2025-08-11,University,483.88
2025-08-12,Downtown,832.47
2025-08-12,Riverside,522.08
2025-08-12,University,470.64
2025-08-13,Downtown,792.71
2025-08-13,Riverside,489.28
2025-08-13,University,430.98
2025-08-14,Downtown,776.41
2025-08-14,Riverside,504.05
2025-08-14,University,454.22
2025-08-15,Downtown,863.75
2025-08-15,Riverside,495.35
2025-08-15,University,509.73
2025-08-16,Downtown,1042.46
2025-08-16,Riverside,586.15
2025-08-16,University,390.73
2025-08-17,Downtown,966.48
2025-08-17,Riverside,671.13
2025-08-17,University,309.45
2025-08-18,Downtown,755.31
2025-08-18,Riverside,457.78
2025-08-18,University,474.31
2025-08-19,Downtown,766.93
2025-08-19,Riverside,397.02
2025-08-19,University,423.41
2025-08-20,Downtown,874.83
2025-08-20,Riverside,457.66
2025-08-20,University,508.49
2025-08-21,Downtown,699.91
2025-08-21,Riverside,413.22
2025-08-21,University,546.22
2025-08-22,Downtown,803.59
2025-08-22,Riverside,443.44
2025-08-22,University,492.13
2025-08-23,Downtown,940.18
2025-08-23,Riverside,555.4
2025-08-23,University,361.39
2025-08-24,Downtown,973.99
2025-08-24,Riverside,577.99
2025-08-24,University,366.32
2025-08-25,Downtown,795.26
2025-08-25,Riverside,456.07
2025-08-25,University,519.25
2025-08-26,Downtown,823.26
2025-08-26,Riverside,425.68
2025-08-26,University,510.72
2025-08-27,Downtown,768.12
2025-08-27,Riverside,478.13
2025-08-27,University,506.16
2025-08-28,Downtown,896.9
2025-08-28,Riverside,458.11
2025-08-28,University,536.52
2025-08-29,Downtown,812.02
2025-08-29,Riverside,436.4
2025-08-29,University,492.03
2025-08-30,Downtown,868.95
2025-08-30,Riverside,601.82
2025-08-30,University,332.78
2025-08-31,Downtown,1066.36
2025-08-31,Riverside,691.11
2025-08-31,University,383.82
2025-09-01,Downtown,753.33
2025-09-01,Riverside,512.57
2025-09-01,University,696.28
2025-09-02,Downtown,833.68
2025-09-02,Riverside,419.75
2025-09-02,University,575.42
2025-09-03,Downtown,860.73
2025-09-03,Riverside,470.31
2025-09-03,University,627.59
2025-09-04,Downtown,790.24
2025-09-04,Riverside,432.28
2025-09-04,University,636.04
2025-09-05,Downtown,791.5
2025-09-05,Riverside,499.36
2025-09-05,University,641.09
2025-09-06,Downtown,1114.07
2025-09-06,Riverside,541.92
2025-09-06,University,486.5
2025-09-07,Downtown,1064.46
2025-09-07,Riverside,559.98
2025-09-07,University,392.28
2025-09-08,Downtown,753.95
2025-09-08,Riverside,465.16
2025-09-08,University,619.1
2025-09-09,Downtown,774.06
2025-09-09,Riverside,474.53
2025-09-09,University,600.84
2025-09-10,Downtown,791.11
2025-09-10,Riverside,455.77
2025-09-10,University,743.49
2025-09-11,Downtown,786.62
2025-09-11,Riverside,489.0
2025-09-11,University,648.21
2025-09-12,Downtown,701.26
2025-09-12,Riverside,542.13
2025-09-12,University,659.36
2025-09-13,Downtown,769.08
2025-09-13,Riverside,514.03
2025-09-13,University,507.45
2025-09-14,Downtown,1008.34
2025-09-14,Riverside,641.77
2025-09-14,University,486.15
2025-09-15,Downtown,751.23
2025-09-15,Riverside,401.23
2025-09-15,University,695.72
2025-09-16,Downtown,822.64
2025-09-16,Riverside,457.07
2025-09-16,University,769.51
2025-09-17,Downtown,947.05
2025-09-17,Riverside,449.18
2025-09-17,University,671.63
2025-09-18,Downtown,815.08
2025-09-18,Riverside,451.17
2025-09-18,University,720.78
2025-09-19,Downtown,847.07
2025-09-19,Riverside,491.02
2025-09-19,University,699.15
2025-09-20,Downtown,1022.86
2025-09-20,Riverside,531.04
2025-09-20,University,475.71
2025-09-21,Downtown,946.76
2025-09-21,Riverside,655.39
2025-09-21,University,495.04
2025-09-22,Downtown,769.39
2025-09-22,Riverside,428.04
2025-09-22,University,678.06
2025-09-23,Downtown,855.56
2025-09-23,Riverside,473.39
2025-09-23,University,706.35
2025-09-24,Downtown,795.43
2025-09-24,Riverside,413.57
2025-09-24,University,640.68
2025-09-25,Downtown,769.97
2025-09-25,Riverside,493.65
2025-09-25,University,672.76
2025-09-26,Downtown,811.19
2025-09-26,Riverside,485.44
2025-09-26,University,691.71
2025-09-27,Downtown,1038.45
2025-09-27,Riverside,623.83
2025-09-27,University,453.01
2025-09-28,Downtown,923.09
2025-09-28,Riverside,596.9
2025-09-28,University,436.79
2025-09-29,Downtown,883.11
2025-09-29,Riverside,435.47
2025-09-29,University,678.83
2025-09-30,Downtown,800.16
2025-09-30,Riverside,437.31
2025-09-30,University,646.36
2025-10-01,Downtown,723.67
2025-10-01,Riverside,470.64
2025-10-01,University,620.61
2025-10-02,Downtown,877.11
2025-10-02,Riverside,495.43
2025-10-02,University,695.92
2025-10-03,Downtown,732.4
2025-10-03,Riverside,419.42
2025-10-03,University,637.4
2025-10-04,Downtown,1105.28
2025-10-04,Riverside,585.87
2025-10-04,University,446.56
2025-10-05,Downtown,1109.19
2025-10-05,Riverside,536.65
2025-10-05,University,387.5
2025-10-06,Downtown,775.52
2025-10-06,Riverside,419.04
2025-10-06,University,564.06
2025-10-07,Downtown,758.44
2025-10-07,Riverside,416.96
2025-10-07,University,679.45
2025-10-08,Downtown,795.96
2025-10-08,Riverside,415.2
2025-10-08,University,592.06
2025-10-09,Downtown,725.43
2025-10-09,Riverside,442.27
2025-10-09,University,714.08
2025-10-10,Downtown,641.7
2025-10-10,Riverside,466.78
2025-10-10,University,624.57
2025-10-11,Downtown,987.68
2025-10-11,Riverside,600.16
2025-10-11,University,505.81
2025-10-12,Downtown,980.17
2025-10-12,Riverside,545.57
2025-10-12,University,460.23
2025-10-13,Downtown,764.23
2025-10-13,Riverside,462.34
2025-10-13,University,618.37
2025-10-14,Downtown,726.84
2025-10-14,Riverside,406.02
2025-10-14,University,685.94
2025-10-15,Downtown,720.38
2025-10-15,Riverside,526.69
2025-10-15,University,634.27
2025-10-16,Downtown,648.58
2025-10-16,Riverside,460.66
2025-10-16,University,662.61
2025-10-17,Downtown,625.15
2025-10-17,Riverside,415.07
2025-10-17,University,720.37
2025-10-18,Downtown,944.57
2025-10-18,Riverside,556.6
2025-10-18,University,471.61
2025-10-19,Downtown,954.95
2025-10-19,Riverside,538.99
2025-10-19,University,465.1
2025-10-20,Downtown,786.58
2025-10-20,Riverside,464.57
2025-10-20,University,671.41
2025-10-21,Downtown,716.51
2025-10-21,Riverside,410.68
2025-10-21,University,744.44
2025-10-22,Downtown,663.63
2025-10-22,Riverside,448.3
2025-10-22,University,674.12
2025-10-23,Downtown,798.62
2025-10-23,Riverside,439.67
2025-10-23,University,596.06
2025-10-24,Downtown,741.53
2025-10-24,Riverside,413.26
2025-10-24,University,598.41
2025-10-25,Downtown,1022.73
2025-10-25,Riverside,534.11
2025-10-25,University,416.19
2025-10-26,Downtown,923.1
2025-10-26,Riverside,543.42
2025-10-26,University,453.1
2025-10-27,Downtown,808.63
2025-10-27,Riverside,423.06
2025-10-27,University,594.99
2025-10-28,Downtown,778.87
2025-10-28,Riverside,486.53
2025-10-28,University,643.71
2025-10-29,Downtown,759.43
2025-10-29,Riverside,455.75
2025-10-29,University,616.79
2025-10-30,Downtown,789.07
2025-10-30,Riverside,435.85
2025-10-30,University,638.15
2025-10-31,Downtown,742.56
2025-10-31,Riverside,370.23
2025-10-31,University,553.23
2025-11-01,Downtown,888.56
2025-11-01,Riverside,472.79
2025-11-01,University,506.71
2025-11-02,Downtown,797.64
2025-11-02,Riverside,573.9
2025-11-02,University,472.41
2025-11-03,Downtown,773.15
2025-11-03,Riverside,485.15
2025-11-03,University,563.74
2025-11-04,Downtown,741.84
2025-11-04,Riverside,480.89
2025-11-04,University,671.76
2025-11-05,Downtown,761.91
2025-11-05,Riverside,417.79
2025-11-05,University,706.64
2025-11-06,Downtown,862.25
2025-11-06,Riverside,379.7
2025-11-06,University,714.17
2025-11-07,Downtown,597.31
2025-11-07,Riverside,430.64
2025-11-07,University,631.72
2025-11-08,Downtown,915.24
2025-11-08,Riverside,530.34
2025-11-08,University,497.77
2025-11-09,Downtown,905.65
2025-11-09,Riverside,560.23
2025-11-09,University,454.29
2025-11-10,Downtown,694.23
2025-11-10,Riverside,392.38
2025-11-10,University,585.89
2025-11-11,Downtown,672.99
2025-11-11,Riverside,432.04
2025-11-11,University,605.53
2025-11-12,Downtown,761.45
2025-11-12,Riverside,402.59
2025-11-12,University,652.89
2025-11-13,Downtown,798.32
2025-11-13,Riverside,468.98
2025-11-13,University,664.96
2025-11-14,Downtown,744.47
2025-11-14,Riverside,418.31
2025-11-14,University,613.79
2025-11-15,Downtown,973.28
2025-11-15,Riverside,495.4
2025-11-15,University,458.25
2025-11-16,Downtown,826.14
2025-11-16,Riverside,570.15
2025-11-16,University,446.55
2025-11-17,Downtown,718.02
2025-11-17,Riverside,456.19
2025-11-17,University,681.85
2025-11-18,Downtown,645.07
2025-11-18,Riverside,381.28
2025-11-18,University,561.48
2025-11-19,Downtown,756.68
2025-11-19,Riverside,436.96
2025-11-19,University,598.87
2025-11-20,Downtown,809.24
2025-11-20,Riverside,375.46
2025-11-20,University,635.14
2025-11-21,Downtown,788.49
2025-11-21,Riverside,414.34
2025-11-21,University,626.7
2025-11-22,Downtown,913.11
2025-11-22,Riverside,498.37
2025-11-22,University,475.67
2025-11-23,Downtown,873.29
2025-11-23,Riverside,616.75
2025-11-23,University,424.23
2025-11-24,Downtown,717.96
2025-11-24,Riverside,422.42
2025-11-24,University,599.08
2025-11-25,Downtown,774.66
2025-11-25,Riverside,473.72
2025-11-25,University,654.15
2025-11-26,Downtown,728.4
2025-11-26,Riverside,440.09
2025-11-26,University,646.15
2025-11-27,Downtown,634.96
2025-11-27,Riverside,363.01
2025-11-27,University,543.18
2025-11-28,Downtown,693.18
2025-11-28,Riverside,420.79
2025-11-28,University,649.75
2025-11-29,Downtown,920.7
2025-11-29,Riverside,504.96
2025-11-29,University,479.11
2025-11-30,Downtown,870.49
2025-11-30,Riverside,464.72
2025-11-30,University,388.82
2025-12-01,Downtown,864.29
2025-12-01,Riverside,496.8
2025-12-01,University,760.39
2025-12-02,Downtown,964.13
2025-12-02,Riverside,481.73
2025-12-02,University,668.51
2025-12-03,Downtown,698.34
2025-12-03,Riverside,577.96
2025-12-03,University,663.75
2025-12-04,Downtown,851.39
2025-12-04,Riverside,498.22
2025-12-04,University,629.79
2025-12-05,Downtown,709.08
2025-12-05,Riverside,463.4
2025-12-05,University,632.87
2025-12-06,Downtown,955.19
2025-12-06,Riverside,606.2
2025-12-06,University,504.57
2025-12-07,Downtown,1043.18
2025-12-07,Riverside,527.87
2025-12-07,University,449.13
2025-12-08,Downtown,774.85
2025-12-08,Riverside,523.91
2025-12-08,University,683.83
2025-12-09,Downtown,768.45
2025-12-09,Riverside,417.89
2025-12-09,University,671.11
2025-12-10,Downtown,701.95
2025-12-10,Riverside,444.19
2025-12-10,University,719.82
2025-12-11,Downtown,716.45
2025-12-11,Riverside,457.43
2025-12-11,University,762.58
2025-12-12,Downtown,741.29
2025-12-12,Riverside,445.68
2025-12-12,University,634.52
2025-12-13,Downtown,1101.54
2025-12-13,Riverside,621.21
2025-12-13,University,425.65
2025-12-14,Downtown,1006.15
2025-12-14,Riverside,658.45
2025-12-14,University,536.44
2025-12-15,Downtown,864.78
2025-12-15,Riverside,467.22
2025-12-15,University,685.43
2025-12-16,Downtown,819.36
2025-12-16,Riverside,459.1
2025-12-16,University,642.21
2025-12-17,Downtown,883.44
2025-12-17,Riverside,431.19
2025-12-17,University,731.22
2025-12-18,Downtown,820.16
2025-12-18,Riverside,527.62
2025-12-18,University,665.54
2025-12-19,Downtown,811.8
2025-12-19,Riverside,448.51
2025-12-19,University,711.46
2025-12-20,Downtown,1004.64
2025-12-20,Riverside,598.29
2025-12-20,University,344.03
2025-12-21,Downtown,943.65
2025-12-21,Riverside,550.33
2025-12-21,University,298.69
2025-12-22,Downtown,826.89
2025-12-22,Riverside,466.46
2025-12-22,University,512.07
2025-12-23,Downtown,949.1
2025-12-23,Riverside,468.26
2025-12-23,University,530.73
2025-12-24,Downtown,859.86
2025-12-24,Riverside,460.19
2025-12-24,University,434.59
2025-12-26,Downtown,694.4
2025-12-26,Riverside,348.46
2025-12-26,University,429.21
2025-12-27,Downtown,1057.88
2025-12-27,Riverside,496.45
2025-12-27,University,358.77
2025-12-28,Downtown,922.33
2025-12-28,Riverside,503.1
2025-12-28,University,266.03
2025-12-29,Downtown,800.91
2025-12-29,Riverside,391.57
2025-12-29,University,462.62
2025-12-30,Downtown,685.58
2025-12-30,Riverside,480.4
2025-12-30,University,513.26
2025-12-31,Downtown,628.24
2025-12-31,Riverside,408.64
2025-12-31,University,473.02
