payment_id,timestamp,items,amount
50001,2026-03-02 07:03:46,1,3.0
50002,2026-03-02 07:04:03,1,3.25
50003,2026-03-02 07:05:18,2,7.2
50004,2026-03-02 07:06:09,1,3.25
50005,2026-03-02 07:06:25,2,9.0
50006,2026-03-02 07:08:27,1,2.95
50007,2026-03-02 07:12:38,1,4.25
50008,2026-03-02 07:14:17,3,11.75
50009,2026-03-02 07:20:50,2,5.95
50010,2026-03-02 07:21:43,1,4.25
50011,2026-03-02 07:23:00,1,4.25
50012,2026-03-02 07:26:35,3,9.45
50013,2026-03-02 07:34:05,2,7.45
50014,2026-03-02 07:38:25,2,8.75
50015,2026-03-02 07:38:58,1,2.95
50016,2026-03-02 07:40:28,2,9.0
50017,2026-03-02 07:43:43,3,11.0
50018,2026-03-02 07:44:08,2,9.5
50019,2026-03-02 07:44:26,1,4.25
50020,2026-03-02 07:47:01,3,13.25
50021,2026-03-02 07:50:51,1,4.75
50022,2026-03-02 07:52:25,2,7.7
50023,2026-03-02 07:52:56,3,10.45
50024,2026-03-02 07:53:49,2,7.75
50025,2026-03-02 07:54:38,1,3.0
50026,2026-03-02 07:57:40,2,6.25
50027,2026-03-02 07:59:13,2,6.2
50028,2026-03-02 08:00:20,2,6.25
50029,2026-03-02 08:00:34,3,10.75
50030,2026-03-02 08:00:50,1,3.25
50031,2026-03-02 08:01:52,2,5.95
50032,2026-03-02 08:04:24,1,4.25
50033,2026-03-02 08:05:46,1,4.5
50034,2026-03-02 08:08:06,1,4.75
50035,2026-03-02 08:14:44,3,12.0
50036,2026-03-02 08:18:19,2,6.25
50037,2026-03-02 08:19:02,1,3.25
50038,2026-03-02 08:19:09,1,3.25
50039,2026-03-02 08:19:13,1,4.5
50040,2026-03-02 08:20:32,1,3.0
50041,2026-03-02 08:21:10,3,10.2
50042,2026-03-02 08:21:42,1,3.25
50043,2026-03-02 08:26:33,1,3.0
50044,2026-03-02 08:32:29,2,8.75
50045,2026-03-02 08:33:28,1,3.25
50046,2026-03-02 08:34:43,2,5.95
50047,2026-03-02 08:41:04,2,7.75
50048,2026-03-02 08:41:54,1,4.5
50049,2026-03-02 08:42:49,1,4.25
50050,2026-03-02 08:43:26,1,2.95
50051,2026-03-02 08:43:27,1,3.0
50052,2026-03-02 08:43:46,2,9.25
50053,2026-03-02 08:44:57,1,4.5
50054,2026-03-02 08:47:19,1,4.5
50055,2026-03-02 08:48:24,1,4.25
50056,2026-03-02 08:50:50,1,2.95
50057,2026-03-02 08:51:25,1,4.75
50058,2026-03-02 08:52:21,2,6.25
50059,2026-03-02 08:53:09,2,7.75
50060,2026-03-02 08:54:25,1,4.75
50061,2026-03-02 08:54:59,1,3.0
50062,2026-03-02 08:56:17,1,2.95
50063,2026-03-02 08:58:10,1,4.5
50064,2026-03-02 09:03:25,3,10.65
50065,2026-03-02 09:07:26,1,4.5
50066,2026-03-02 09:11:01,1,4.5
50067,2026-03-02 09:11:03,1,3.0
50068,2026-03-02 09:12:00,1,3.25
50069,2026-03-02 09:12:14,1,2.95
50070,2026-03-02 09:13:14,1,3.0
50071,2026-03-02 09:14:37,1,4.75
50072,2026-03-02 09:16:32,1,3.25
50073,2026-03-02 09:18:00,3,9.45
50074,2026-03-02 09:21:04,1,4.5
50075,2026-03-02 09:24:39,1,3.25
50076,2026-03-02 09:25:02,2,7.45
50077,2026-03-02 09:31:33,2,8.0
50078,2026-03-02 09:32:09,1,4.25
50079,2026-03-02 09:33:49,3,11.95
50080,2026-03-02 09:37:56,2,9.5
50081,2026-03-02 09:38:42,2,5.9
50082,2026-03-02 09:40:12,1,2.95
50083,2026-03-02 09:40:50,2,7.25
50084,2026-03-02 09:42:33,1,4.25
50085,2026-03-02 09:48:29,1,4.25
50086,2026-03-02 09:48:34,1,3.0
50087,2026-03-02 09:50:05,1,4.25
50088,2026-03-02 09:50:50,2,9.25
50089,2026-03-02 09:51:31,2,5.9
50090,2026-03-02 09:52:05,1,3.0
50091,2026-03-02 09:55:23,1,4.25
50092,2026-03-02 09:56:26,3,14.0
50093,2026-03-02 09:56:40,1,3.0
50094,2026-03-02 09:57:22,3,12.75
50095,2026-03-02 09:59:09,1,2.95
50096,2026-03-02 10:01:01,1,3.25
50097,2026-03-02 10:02:11,1,2.95
50098,2026-03-02 10:07:22,1,4.5
50099,2026-03-02 10:09:17,1,4.5
50100,2026-03-02 10:19:42,2,7.25
50101,2026-03-02 10:24:01,1,4.25
50102,2026-03-02 10:40:25,2,8.0
50103,2026-03-02 10:44:05,1,4.75
50104,2026-03-02 10:44:14,1,4.75
50105,2026-03-02 10:47:50,1,4.25
50106,2026-03-02 10:48:14,2,8.75
50107,2026-03-02 10:51:48,1,4.25
50108,2026-03-02 10:52:32,2,7.75
50109,2026-03-02 11:13:37,1,4.75
50110,2026-03-02 11:29:28,1,2.95
50111,2026-03-02 11:33:21,1,4.25
50112,2026-03-02 11:40:47,1,4.5
50113,2026-03-02 11:47:18,1,2.95
50114,2026-03-02 11:53:55,1,3.0
50115,2026-03-02 12:00:06,2,9.0
50116,2026-03-02 12:01:11,2,6.25
50117,2026-03-02 12:02:01,2,7.7
50118,2026-03-02 12:05:50,1,2.95
50119,2026-03-02 12:16:56,1,4.5
50120,2026-03-02 12:18:09,1,4.75
50121,2026-03-02 12:21:00,2,8.0
50122,2026-03-02 12:21:40,1,2.95
50123,2026-03-02 12:21:55,1,4.5
50124,2026-03-02 12:23:30,2,8.0
50125,2026-03-02 12:24:08,2,7.45
50126,2026-03-02 12:30:36,2,7.5
50127,2026-03-02 12:34:28,1,3.25
50128,2026-03-02 12:34:36,2,7.5
50129,2026-03-02 12:35:15,2,7.25
50130,2026-03-02 12:36:19,3,10.65
50131,2026-03-02 12:37:48,2,8.0
50132,2026-03-02 12:38:04,1,4.75
50133,2026-03-02 12:39:50,2,8.75
50134,2026-03-02 12:43:36,1,4.75
50135,2026-03-02 12:44:51,3,13.25
50136,2026-03-02 12:45:40,3,12.45
50137,2026-03-02 12:48:28,3,11.0
50138,2026-03-02 12:50:18,2,7.5
50139,2026-03-02 12:53:54,1,4.75
50140,2026-03-02 12:54:14,2,8.75
50141,2026-03-02 12:54:38,2,7.5
50142,2026-03-02 13:00:08,1,3.25
50143,2026-03-02 13:02:33,1,4.25
50144,2026-03-02 13:07:47,2,8.75
50145,2026-03-02 13:09:33,2,7.45
50146,2026-03-02 13:14:28,3,11.0
50147,2026-03-02 13:16:53,1,4.25
50148,2026-03-02 13:16:55,1,4.25
50149,2026-03-02 13:21:14,1,4.75
50150,2026-03-02 13:25:23,1,4.75
50151,2026-03-02 13:29:25,3,10.75
50152,2026-03-02 13:40:00,1,4.25
50153,2026-03-02 13:40:20,3,10.15
50154,2026-03-02 13:43:26,2,9.25
50155,2026-03-02 13:44:18,1,3.0
50156,2026-03-02 13:48:22,2,7.75
50157,2026-03-02 13:48:44,1,4.5
50158,2026-03-02 13:52:37,2,7.45
50159,2026-03-02 13:57:10,1,4.75
50160,2026-03-02 14:06:05,2,7.5
50161,2026-03-02 14:06:43,3,12.0
50162,2026-03-02 14:13:30,1,2.95
50163,2026-03-02 14:21:03,1,4.75
50164,2026-03-02 14:24:22,2,7.7
50165,2026-03-02 14:26:48,1,3.25
50166,2026-03-02 14:32:55,2,5.9
50167,2026-03-02 14:37:07,1,3.0
50168,2026-03-02 14:37:17,1,3.0
50169,2026-03-02 14:48:25,1,3.25
50170,2026-03-02 14:51:39,2,7.45
50171,2026-03-02 15:19:40,3,10.5
50172,2026-03-02 15:22:23,1,2.95
50173,2026-03-02 15:40:26,2,9.25
50174,2026-03-02 15:43:08,1,4.5
50175,2026-03-02 15:43:12,2,9.25
50176,2026-03-02 15:49:04,1,3.25
50177,2026-03-02 15:59:10,2,7.25
50178,2026-03-02 16:01:11,2,6.2
50179,2026-03-02 16:03:35,1,3.25
50180,2026-03-02 16:10:02,1,3.0
50181,2026-03-02 16:14:35,1,4.5
50182,2026-03-02 16:18:49,1,4.75
50183,2026-03-02 16:27:18,2,8.75
50184,2026-03-02 16:27:58,2,7.5
50185,2026-03-02 16:29:06,1,4.25
50186,2026-03-02 16:30:51,2,8.5
50187,2026-03-02 16:36:37,1,4.75
50188,2026-03-02 16:45:49,1,3.0
50189,2026-03-02 16:50:59,1,4.5
50190,2026-03-02 16:52:14,1,3.25
50191,2026-03-02 16:56:42,1,3.25
50192,2026-03-02 17:00:46,1,3.25
50193,2026-03-02 17:16:56,3,13.75
50194,2026-03-02 17:19:37,2,5.9
50195,2026-03-02 17:20:23,2,7.5
50196,2026-03-02 17:21:34,3,10.15
50197,2026-03-02 17:32:01,2,6.25
50198,2026-03-02 17:48:08,1,3.0
50199,2026-03-02 17:51:39,2,6.5
50200,2026-03-02 17:59:43,1,3.0
50201,2026-03-02 18:00:17,1,3.0
50202,2026-03-02 18:05:48,1,4.5
50203,2026-03-02 18:07:29,2,7.45
50204,2026-03-02 18:11:18,1,4.25
50205,2026-03-02 18:12:28,2,5.95
50206,2026-03-02 18:14:02,1,4.5
50207,2026-03-02 18:22:30,1,4.25
50208,2026-03-02 18:23:08,1,2.95
50209,2026-03-02 18:31:17,1,3.25
50210,2026-03-02 18:47:13,1,4.75
50211,2026-03-03 07:00:23,1,2.95
50212,2026-03-03 07:04:33,2,9.0
50213,2026-03-03 07:14:06,1,4.75
50214,2026-03-03 07:14:16,2,6.25
50215,2026-03-03 07:16:06,2,7.2
50216,2026-03-03 07:16:36,1,3.25
50217,2026-03-03 07:16:48,2,7.75
50218,2026-03-03 07:19:40,1,4.5
50219,2026-03-03 07:19:57,1,2.95
50220,2026-03-03 07:20:40,1,4.5
50221,2026-03-03 07:25:38,1,4.5
50222,2026-03-03 07:30:21,1,4.5
50223,2026-03-03 07:34:46,1,4.5
50224,2026-03-03 07:37:05,1,3.25
50225,2026-03-03 07:40:17,2,7.45
50226,2026-03-03 07:43:51,3,12.25
50227,2026-03-03 07:45:18,3,11.75
50228,2026-03-03 07:46:08,1,2.95
50229,2026-03-03 07:49:13,1,4.5
50230,2026-03-03 07:51:33,2,7.45
50231,2026-03-03 07:52:16,1,4.75
50232,2026-03-03 07:54:28,3,9.5
50233,2026-03-03 07:54:41,2,7.7
50234,2026-03-03 07:55:00,1,4.75
50235,2026-03-03 08:00:27,1,4.25
50236,2026-03-03 08:00:29,2,7.45
50237,2026-03-03 08:05:23,1,4.5
50238,2026-03-03 08:08:14,1,2.95
50239,2026-03-03 08:09:53,1,3.25
50240,2026-03-03 08:10:06,1,4.75
50241,2026-03-03 08:12:01,2,7.5
50242,2026-03-03 08:14:14,3,10.4
50243,2026-03-03 08:18:04,1,4.75
50244,2026-03-03 08:19:33,1,3.0
50245,2026-03-03 08:20:07,1,4.25
50246,2026-03-03 08:20:34,2,8.5
50247,2026-03-03 08:22:02,1,3.0
50248,2026-03-03 08:23:35,1,4.25
50249,2026-03-03 08:23:54,1,4.5
50250,2026-03-03 08:29:22,3,11.95
50251,2026-03-03 08:32:32,3,10.45
50252,2026-03-03 08:32:43,2,7.25
50253,2026-03-03 08:32:56,3,10.7
50254,2026-03-03 08:35:00,1,2.95
50255,2026-03-03 08:37:23,3,11.75
50256,2026-03-03 08:38:30,3,12.5
50257,2026-03-03 08:41:10,2,9.25
50258,2026-03-03 08:45:14,2,7.25
50259,2026-03-03 08:47:01,3,12.25
50260,2026-03-03 08:48:52,3,13.5
50261,2026-03-03 08:54:12,2,6.2
50262,2026-03-03 08:54:27,2,9.0
50263,2026-03-03 08:55:12,3,12.0
50264,2026-03-03 08:55:26,2,7.5
50265,2026-03-03 08:55:31,1,4.75
50266,2026-03-03 08:56:02,1,4.75
50267,2026-03-03 08:57:37,2,7.5
50268,2026-03-03 09:02:50,2,9.0
50269,2026-03-03 09:03:06,1,2.95
50270,2026-03-03 09:04:30,1,4.5
50271,2026-03-03 09:07:58,1,4.75
50272,2026-03-03 09:09:42,2,7.7
50273,2026-03-03 09:11:53,1,2.95
50274,2026-03-03 09:13:12,2,6.25
50275,2026-03-03 09:15:40,1,3.25
50276,2026-03-03 09:16:28,3,12.5
50277,2026-03-03 09:20:07,3,12.25
50278,2026-03-03 09:24:17,3,10.25
50279,2026-03-03 09:25:56,2,7.7
50280,2026-03-03 09:27:50,1,2.95
50281,2026-03-03 09:27:55,2,7.5
50282,2026-03-03 09:29:17,3,10.75
50283,2026-03-03 09:29:22,2,7.2
50284,2026-03-03 09:30:08,1,4.25
50285,2026-03-03 09:30:17,2,8.5
50286,2026-03-03 09:31:40,1,2.95
50287,2026-03-03 09:32:15,1,4.75
50288,2026-03-03 09:41:36,2,6.0
50289,2026-03-03 09:45:22,2,9.25
50290,2026-03-03 09:48:27,2,7.75
50291,2026-03-03 09:49:53,2,9.0
50292,2026-03-03 09:53:37,1,3.0
50293,2026-03-03 09:55:44,2,7.75
50294,2026-03-03 10:45:43,2,7.25
50295,2026-03-03 10:54:54,1,4.75
50296,2026-03-03 10:58:04,3,12.45
50297,2026-03-03 11:09:56,1,3.0
50298,2026-03-03 11:13:47,3,10.2
50299,2026-03-03 11:19:21,3,11.7
50300,2026-03-03 11:26:05,1,3.25
50301,2026-03-03 11:31:00,3,10.75
50302,2026-03-03 11:51:39,1,3.0
50303,2026-03-03 11:52:22,1,4.25
50304,2026-03-03 12:05:48,1,3.25
50305,2026-03-03 12:08:26,2,7.5
50306,2026-03-03 12:08:37,2,7.5
50307,2026-03-03 12:09:24,2,9.0
50308,2026-03-03 12:11:19,3,10.45
50309,2026-03-03 12:11:45,2,8.75
50310,2026-03-03 12:14:11,1,2.95
50311,2026-03-03 12:16:47,1,4.5
50312,2026-03-03 12:20:04,1,4.75
50313,2026-03-03 12:21:34,2,8.5
50314,2026-03-03 12:27:17,1,4.5
50315,2026-03-03 12:28:17,1,3.0
50316,2026-03-03 12:29:39,1,3.0
50317,2026-03-03 12:30:50,1,4.5
50318,2026-03-03 12:34:18,3,12.2
50319,2026-03-03 12:40:00,1,2.95
50320,2026-03-03 12:40:35,1,4.5
50321,2026-03-03 12:52:43,1,4.25
50322,2026-03-03 12:53:42,1,3.25
50323,2026-03-03 12:59:54,1,3.25
50324,2026-03-03 13:05:32,3,9.15
50325,2026-03-03 13:12:22,1,4.25
50326,2026-03-03 13:12:44,2,6.0
50327,2026-03-03 13:23:34,1,3.25
50328,2026-03-03 13:27:13,1,3.0
50329,2026-03-03 13:28:35,3,9.75
50330,2026-03-03 13:33:04,1,4.5
50331,2026-03-03 13:35:29,1,4.25
50332,2026-03-03 13:36:03,1,4.25
50333,2026-03-03 13:40:24,1,2.95
50334,2026-03-03 13:46:08,1,3.25
50335,2026-03-03 13:50:48,2,7.45
50336,2026-03-03 13:52:38,1,2.95
50337,2026-03-03 13:58:05,1,4.5
50338,2026-03-03 13:58:50,1,2.95
50339,2026-03-03 14:00:21,3,12.5
50340,2026-03-03 14:00:24,1,4.5
50341,2026-03-03 14:05:40,1,4.75
50342,2026-03-03 14:10:19,1,3.25
50343,2026-03-03 14:27:41,1,3.0
50344,2026-03-03 14:28:38,1,4.5
50345,2026-03-03 14:36:22,1,2.95
50346,2026-03-03 14:39:20,1,4.5
50347,2026-03-03 14:52:47,1,3.25
50348,2026-03-03 15:11:15,3,11.5
50349,2026-03-03 15:31:51,1,4.5
50350,2026-03-03 15:39:32,2,7.5
50351,2026-03-03 15:42:12,1,4.75
50352,2026-03-03 15:42:30,2,7.5
50353,2026-03-03 15:49:05,1,2.95
50354,2026-03-03 15:56:57,2,6.0
50355,2026-03-03 16:10:53,1,2.95
50356,2026-03-03 16:21:48,2,8.0
50357,2026-03-03 16:23:43,1,4.75
50358,2026-03-03 16:26:34,1,4.5
50359,2026-03-03 16:28:21,1,3.0
50360,2026-03-03 16:37:02,1,4.5
50361,2026-03-03 16:48:43,1,2.95
50362,2026-03-03 16:57:10,2,8.75
50363,2026-03-03 17:02:31,2,8.0
50364,2026-03-03 17:08:25,1,4.75
50365,2026-03-03 17:11:32,2,7.25
50366,2026-03-03 17:18:01,2,7.5
50367,2026-03-03 17:38:50,1,3.25
50368,2026-03-03 17:41:10,1,2.95
50369,2026-03-03 17:42:30,1,3.25
50370,2026-03-03 17:46:19,2,9.0
50371,2026-03-03 17:52:37,2,7.45
50372,2026-03-03 17:54:51,1,4.5
50373,2026-03-03 18:03:17,1,4.75
50374,2026-03-03 18:06:46,1,2.95
50375,2026-03-03 18:13:23,3,12.25
50376,2026-03-03 18:17:24,1,4.75
50377,2026-03-03 18:19:11,3,10.95
50378,2026-03-03 18:22:57,1,2.95
50379,2026-03-03 18:23:01,2,7.7
50380,2026-03-03 18:25:28,1,2.95
50381,2026-03-03 18:32:24,2,7.25
50382,2026-03-03 18:37:06,2,7.45
50383,2026-03-03 18:38:19,3,12.25
50384,2026-03-03 18:41:27,2,8.75
50385,2026-03-03 18:45:22,1,2.95
50386,2026-03-03 18:46:31,3,9.2
50387,2026-03-04 07:01:22,1,4.5
50388,2026-03-04 07:02:07,2,7.75
50389,2026-03-04 07:06:18,2,5.95
50390,2026-03-04 07:07:07,2,9.0
50391,2026-03-04 07:07:20,2,7.75
50392,2026-03-04 07:07:52,3,11.95
50393,2026-03-04 07:10:41,2,6.25
50394,2026-03-04 07:14:40,2,7.5
50395,2026-03-04 07:18:09,2,8.5
50396,2026-03-04 07:18:57,2,7.5
50397,2026-03-04 07:19:22,2,7.45
50398,2026-03-04 07:20:23,2,6.25
50399,2026-03-04 07:23:10,2,7.5
50400,2026-03-04 07:23:12,3,10.75
50401,2026-03-04 07:25:34,2,8.75
50402,2026-03-04 07:27:04,3,9.45
50403,2026-03-04 07:28:05,1,3.25
50404,2026-03-04 07:33:37,1,2.95
50405,2026-03-04 07:34:03,1,3.0
50406,2026-03-04 07:35:50,1,3.0
50407,2026-03-04 07:41:47,1,3.0
50408,2026-03-04 07:42:39,1,4.5
50409,2026-03-04 07:43:06,1,3.25
50410,2026-03-04 07:43:58,2,6.5
50411,2026-03-04 07:44:40,1,2.95
50412,2026-03-04 07:49:11,2,9.25
50413,2026-03-04 07:49:17,1,4.5
50414,2026-03-04 07:59:17,1,3.25
50415,2026-03-04 08:01:07,2,6.5
50416,2026-03-04 08:01:34,1,4.25
50417,2026-03-04 08:01:44,1,4.5
50418,2026-03-04 08:03:24,1,4.75
50419,2026-03-04 08:15:48,1,3.25
50420,2026-03-04 08:16:17,1,3.0
50421,2026-03-04 08:17:30,2,8.75
50422,2026-03-04 08:22:41,3,13.0
50423,2026-03-04 08:22:50,1,4.75
50424,2026-03-04 08:23:39,1,4.25
50425,2026-03-04 08:26:42,1,3.25
50426,2026-03-04 08:28:59,1,4.5
50427,2026-03-04 08:29:47,3,11.7
50428,2026-03-04 08:31:41,1,3.25
50429,2026-03-04 08:32:52,1,4.25
50430,2026-03-04 08:33:02,1,4.75
50431,2026-03-04 08:33:03,1,4.25
50432,2026-03-04 08:34:35,2,5.95
50433,2026-03-04 08:35:35,1,2.95
50434,2026-03-04 08:36:18,2,7.45
50435,2026-03-04 08:36:20,1,4.25
50436,2026-03-04 08:36:35,3,11.75
50437,2026-03-04 08:39:57,1,3.25
50438,2026-03-04 08:44:46,1,4.25
50439,2026-03-04 08:46:35,3,11.95
50440,2026-03-04 08:46:55,1,4.25
50441,2026-03-04 08:47:31,1,3.25
50442,2026-03-04 08:51:33,1,3.25
50443,2026-03-04 08:52:26,2,7.25
50444,2026-03-04 08:56:51,2,7.75
50445,2026-03-04 08:57:35,2,7.2
50446,2026-03-04 08:58:01,1,2.95
50447,2026-03-04 08:58:14,1,4.25
50448,2026-03-04 09:00:13,1,3.25
50449,2026-03-04 09:05:16,1,4.75
50450,2026-03-04 09:09:43,2,7.75
50451,2026-03-04 09:10:29,2,6.25
50452,2026-03-04 09:11:24,2,6.2
50453,2026-03-04 09:11:53,1,3.25
50454,2026-03-04 09:12:25,1,4.5
50455,2026-03-04 09:13:33,2,5.95
50456,2026-03-04 09:16:52,1,3.25
50457,2026-03-04 09:19:26,1,3.0
50458,2026-03-04 09:21:55,2,6.0
50459,2026-03-04 09:23:14,2,9.0
50460,2026-03-04 09:23:38,1,3.25
50461,2026-03-04 09:26:13,1,2.95
50462,2026-03-04 09:30:34,2,7.75
50463,2026-03-04 09:30:49,3,11.7
50464,2026-03-04 09:34:44,1,4.5
50465,2026-03-04 09:41:59,2,5.95
50466,2026-03-04 09:43:03,1,3.0
50467,2026-03-04 09:44:10,1,3.25
50468,2026-03-04 09:45:30,1,2.95
50469,2026-03-04 09:50:34,3,12.25
50470,2026-03-04 09:50:43,2,7.7
50471,2026-03-04 09:51:04,1,4.25
50472,2026-03-04 10:06:53,2,7.75
50473,2026-03-04 10:13:34,2,7.75
50474,2026-03-04 10:22:07,1,4.75
50475,2026-03-04 10:24:43,2,7.5
50476,2026-03-04 10:26:10,1,4.5
50477,2026-03-04 10:29:35,1,4.5
50478,2026-03-04 10:31:07,1,3.25
50479,2026-03-04 10:42:17,1,4.75
50480,2026-03-04 10:44:32,1,2.95
50481,2026-03-04 10:45:27,1,4.5
50482,2026-03-04 10:53:48,2,6.2
50483,2026-03-04 11:03:00,2,5.9
50484,2026-03-04 11:17:18,1,4.25
50485,2026-03-04 11:19:51,2,7.25
50486,2026-03-04 11:23:38,1,3.25
50487,2026-03-04 11:25:49,1,4.75
50488,2026-03-04 11:29:32,1,4.25
50489,2026-03-04 11:42:23,2,7.75
50490,2026-03-04 12:02:57,1,3.25
50491,2026-03-04 12:05:08,1,4.5
50492,2026-03-04 12:08:33,1,2.95
50493,2026-03-04 12:09:48,3,11.7
50494,2026-03-04 12:12:55,1,4.5
50495,2026-03-04 12:13:02,2,5.9
50496,2026-03-04 12:16:03,2,8.75
50497,2026-03-04 12:16:55,1,4.25
50498,2026-03-04 12:16:57,1,4.75
50499,2026-03-04 12:20:50,3,10.95
50500,2026-03-04 12:24:03,2,7.5
50501,2026-03-04 12:29:58,2,9.0
50502,2026-03-04 12:42:46,1,3.0
50503,2026-03-04 12:43:58,1,3.0
50504,2026-03-04 12:49:04,1,3.0
50505,2026-03-04 12:49:34,1,3.0
50506,2026-03-04 12:49:36,2,7.5
50507,2026-03-04 12:49:38,1,3.0
50508,2026-03-04 12:53:57,2,7.5
50509,2026-03-04 12:58:26,2,6.2
50510,2026-03-04 12:59:50,1,3.0
50511,2026-03-04 13:01:38,1,4.75
50512,2026-03-04 13:01:44,2,7.5
50513,2026-03-04 13:09:34,1,3.25
50514,2026-03-04 13:10:24,2,8.75
50515,2026-03-04 13:12:30,2,7.45
50516,2026-03-04 13:19:42,3,11.75
50517,2026-03-04 13:20:43,3,10.7
50518,2026-03-04 13:21:00,1,4.5
50519,2026-03-04 13:26:49,1,2.95
50520,2026-03-04 13:28:06,1,4.25
50521,2026-03-04 13:33:21,1,4.75
50522,2026-03-04 13:38:22,1,4.5
50523,2026-03-04 13:41:11,2,5.9
50524,2026-03-04 13:41:29,1,3.0
50525,2026-03-04 13:43:49,2,6.5
50526,2026-03-04 13:49:05,3,12.0
50527,2026-03-04 13:56:22,3,11.75
50528,2026-03-04 14:03:00,2,7.5
50529,2026-03-04 14:03:27,1,4.75
50530,2026-03-04 14:03:41,2,7.45
50531,2026-03-04 14:06:46,3,10.25
50532,2026-03-04 14:23:16,2,7.75
50533,2026-03-04 14:27:44,2,8.75
50534,2026-03-04 14:30:55,1,3.25
50535,2026-03-04 14:40:54,2,7.5
50536,2026-03-04 14:56:36,1,4.75
50537,2026-03-04 15:16:49,2,6.5
50538,2026-03-04 15:23:49,2,7.7
50539,2026-03-04 15:29:00,2,7.75
50540,2026-03-04 15:35:01,2,8.5
50541,2026-03-04 15:39:45,2,9.0
50542,2026-03-04 15:41:42,2,8.0
50543,2026-03-04 15:41:56,1,4.25
50544,2026-03-04 15:44:07,1,4.25
50545,2026-03-04 15:55:28,1,2.95
50546,2026-03-04 15:57:14,1,4.5
50547,2026-03-04 16:00:53,1,3.0
50548,2026-03-04 16:10:52,1,4.5
50549,2026-03-04 16:18:12,1,4.5
50550,2026-03-04 16:25:55,1,3.25
50551,2026-03-04 16:45:27,2,8.75
50552,2026-03-04 16:45:33,1,4.75
50553,2026-03-04 16:48:38,1,3.0
50554,2026-03-04 16:55:19,2,7.25
50555,2026-03-04 16:57:49,1,4.25
50556,2026-03-04 16:59:12,1,4.25
50557,2026-03-04 17:00:02,3,11.95
50558,2026-03-04 17:09:23,3,9.75
50559,2026-03-04 17:16:07,2,8.0
50560,2026-03-04 17:20:44,1,3.25
50561,2026-03-04 17:24:00,3,8.85
50562,2026-03-04 17:31:10,2,6.2
50563,2026-03-04 17:50:42,1,3.25
50564,2026-03-04 17:56:19,1,4.5
50565,2026-03-04 18:03:40,1,4.5
50566,2026-03-04 18:13:54,1,3.0
50567,2026-03-04 18:15:15,1,4.5
50568,2026-03-04 18:20:26,2,7.75
50569,2026-03-04 18:22:24,2,8.0
50570,2026-03-04 18:25:22,1,4.5
50571,2026-03-04 18:36:15,1,3.0
50572,2026-03-04 18:45:06,3,11.75
50573,2026-03-04 18:45:12,2,6.2
50574,2026-03-04 18:47:12,2,8.75
50575,2026-03-04 18:50:49,2,6.2
50576,2026-03-04 18:52:33,2,9.25
50577,2026-03-04 18:59:20,2,7.45
50578,2026-03-05 07:01:19,2,6.5
50579,2026-03-05 07:02:44,1,2.95
50580,2026-03-05 07:03:08,1,3.25
50581,2026-03-05 07:07:44,2,7.75
50582,2026-03-05 07:07:52,3,10.45
50583,2026-03-05 07:08:38,1,3.25
50584,2026-03-05 07:11:35,1,3.0
50585,2026-03-05 07:13:26,2,9.0
50586,2026-03-05 07:18:09,3,10.95
50587,2026-03-05 07:18:14,2,7.7
50588,2026-03-05 07:18:37,2,5.95
50589,2026-03-05 07:18:40,1,3.25
50590,2026-03-05 07:19:33,1,4.75
50591,2026-03-05 07:22:36,3,12.0
50592,2026-03-05 07:27:28,1,3.0
50593,2026-03-05 07:31:29,1,3.0
50594,2026-03-05 07:34:06,1,4.75
50595,2026-03-05 07:36:13,3,10.25
50596,2026-03-05 07:37:16,2,6.25
50597,2026-03-05 07:38:13,1,2.95
50598,2026-03-05 07:41:29,1,2.95
50599,2026-03-05 07:41:59,1,3.25
50600,2026-03-05 07:43:35,1,4.25
50601,2026-03-05 07:44:08,2,7.25
50602,2026-03-05 07:44:45,2,5.95
50603,2026-03-05 07:47:32,2,8.0
50604,2026-03-05 07:48:57,2,5.9
50605,2026-03-05 08:00:57,2,7.45
50606,2026-03-05 08:04:10,1,4.5
50607,2026-03-05 08:04:12,2,7.5
50608,2026-03-05 08:05:00,1,3.25
50609,2026-03-05 08:06:18,1,4.75
50610,2026-03-05 08:09:37,2,7.5
50611,2026-03-05 08:09:40,3,9.15
50612,2026-03-05 08:14:06,2,9.0
50613,2026-03-05 08:17:52,1,2.95
50614,2026-03-05 08:18:14,3,12.0
50615,2026-03-05 08:18:19,1,3.25
50616,2026-03-05 08:20:16,1,4.5
50617,2026-03-05 08:22:43,2,8.75
50618,2026-03-05 08:23:21,2,8.5
50619,2026-03-05 08:24:16,2,5.95
50620,2026-03-05 08:28:20,2,9.5
50621,2026-03-05 08:28:36,2,6.25
50622,2026-03-05 08:28:38,1,2.95
50623,2026-03-05 08:30:46,3,10.95
50624,2026-03-05 08:34:22,1,4.25
50625,2026-03-05 08:38:44,1,4.5
50626,2026-03-05 08:39:09,3,12.0
50627,2026-03-05 08:39:11,1,4.75
50628,2026-03-05 08:39:44,1,4.75
50629,2026-03-05 08:43:31,2,9.5
50630,2026-03-05 08:47:11,1,4.25
50631,2026-03-05 08:47:33,2,5.9
50632,2026-03-05 08:49:08,1,3.0
50633,2026-03-05 08:49:18,1,2.95
50634,2026-03-05 08:50:01,1,3.25
50635,2026-03-05 08:50:08,1,3.0
50636,2026-03-05 08:51:36,3,12.0
50637,2026-03-05 08:51:39,1,3.0
50638,2026-03-05 08:52:33,1,4.25
50639,2026-03-05 08:53:47,2,5.9
50640,2026-03-05 08:54:43,2,9.0
50641,2026-03-05 08:57:58,2,7.7
50642,2026-03-05 08:59:13,1,4.75
50643,2026-03-05 09:01:13,1,3.0
50644,2026-03-05 09:07:23,3,10.95
50645,2026-03-05 09:08:38,1,4.25
50646,2026-03-05 09:09:31,1,2.95
50647,2026-03-05 09:10:27,3,12.25
50648,2026-03-05 09:11:04,3,10.75
50649,2026-03-05 09:12:53,3,11.75
50650,2026-03-05 09:13:17,2,8.75
50651,2026-03-05 09:13:19,3,10.4
50652,2026-03-05 09:14:32,1,4.5
50653,2026-03-05 09:16:05,1,3.25
50654,2026-03-05 09:17:09,1,2.95
50655,2026-03-05 09:17:26,2,7.5
50656,2026-03-05 09:21:11,3,13.5
50657,2026-03-05 09:22:15,1,4.5
50658,2026-03-05 09:25:22,2,8.0
50659,2026-03-05 09:30:33,1,3.25
50660,2026-03-05 09:30:59,1,4.75
50661,2026-03-05 09:32:12,1,4.25
50662,2026-03-05 09:40:26,1,3.25
50663,2026-03-05 09:41:08,2,8.5
50664,2026-03-05 09:44:03,1,3.0
50665,2026-03-05 09:44:18,1,3.25
50666,2026-03-05 09:46:13,1,4.5
50667,2026-03-05 09:51:28,1,3.25
50668,2026-03-05 09:58:37,3,9.5
50669,2026-03-05 09:59:34,1,2.95
50670,2026-03-05 10:22:15,2,7.25
50671,2026-03-05 10:23:23,1,4.25
50672,2026-03-05 10:29:07,3,10.75
50673,2026-03-05 10:42:48,3,11.45
50674,2026-03-05 10:47:12,2,9.0
50675,2026-03-05 10:48:30,1,4.5
50676,2026-03-05 10:49:55,2,9.0
50677,2026-03-05 10:58:42,1,3.0
50678,2026-03-05 10:59:57,1,3.0
50679,2026-03-05 11:04:34,2,7.75
50680,2026-03-05 11:04:36,3,12.25
50681,2026-03-05 11:17:39,1,3.25
50682,2026-03-05 11:17:39,2,7.75
50683,2026-03-05 11:17:54,3,11.95
50684,2026-03-05 11:23:19,2,7.5
50685,2026-03-05 11:27:43,2,7.5
50686,2026-03-05 11:28:39,1,4.75
50687,2026-03-05 11:36:38,2,7.5
50688,2026-03-05 11:36:43,1,2.95
50689,2026-03-05 11:47:00,1,3.25
50690,2026-03-05 11:47:37,1,3.0
50691,2026-03-05 11:52:00,1,3.0
50692,2026-03-05 11:59:37,1,4.75
50693,2026-03-05 12:01:55,3,12.0
50694,2026-03-05 12:03:27,3,11.95
50695,2026-03-05 12:06:28,2,7.75
50696,2026-03-05 12:06:31,1,3.25
50697,2026-03-05 12:10:52,1,2.95
50698,2026-03-05 12:13:25,2,7.75
50699,2026-03-05 12:15:04,1,4.5
50700,2026-03-05 12:16:31,1,4.5
50701,2026-03-05 12:17:28,1,4.75
50702,2026-03-05 12:20:15,3,11.0
50703,2026-03-05 12:22:26,1,4.75
50704,2026-03-05 12:22:47,2,6.25
50705,2026-03-05 12:23:55,2,7.2
50706,2026-03-05 12:31:38,3,12.45
50707,2026-03-05 12:36:29,2,7.2
50708,2026-03-05 12:37:49,3,12.0
50709,2026-03-05 12:37:50,2,7.75
50710,2026-03-05 12:38:17,1,3.25
50711,2026-03-05 12:41:25,3,12.25
50712,2026-03-05 12:44:25,1,4.75
50713,2026-03-05 12:45:26,1,4.75
50714,2026-03-05 12:46:58,1,4.75
50715,2026-03-05 12:47:56,1,4.5
50716,2026-03-05 12:48:44,2,9.25
50717,2026-03-05 12:49:27,2,8.75
50718,2026-03-05 12:51:08,1,4.75
50719,2026-03-05 12:55:12,2,9.0
50720,2026-03-05 12:56:01,2,6.25
50721,2026-03-05 13:07:00,1,3.25
50722,2026-03-05 13:14:16,1,4.25
50723,2026-03-05 13:17:56,3,10.75
50724,2026-03-05 13:20:25,2,8.0
50725,2026-03-05 13:20:59,1,3.0
50726,2026-03-05 13:27:20,1,4.75
50727,2026-03-05 13:28:24,2,9.0
50728,2026-03-05 13:29:16,1,3.25
50729,2026-03-05 13:32:15,2,7.5
50730,2026-03-05 13:32:25,1,4.75
50731,2026-03-05 13:35:52,2,5.95
50732,2026-03-05 13:36:03,1,4.75
50733,2026-03-05 13:40:45,2,7.45
50734,2026-03-05 13:48:05,2,5.9
50735,2026-03-05 13:49:40,1,4.5
50736,2026-03-05 13:50:17,2,7.25
50737,2026-03-05 13:50:19,1,2.95
50738,2026-03-05 13:53:43,3,10.45
50739,2026-03-05 13:55:43,1,4.75
50740,2026-03-05 13:56:16,1,4.75
50741,2026-03-05 13:59:10,1,4.75
50742,2026-03-05 13:59:28,2,9.0
50743,2026-03-05 14:06:27,1,3.25
50744,2026-03-05 14:20:17,1,3.0
50745,2026-03-05 14:26:36,2,9.0
50746,2026-03-05 14:41:47,1,3.0
50747,2026-03-05 14:54:56,2,5.9
50748,2026-03-05 15:00:08,1,4.5
50749,2026-03-05 15:10:30,3,10.75
50750,2026-03-05 15:26:55,2,8.0
50751,2026-03-05 15:30:26,1,4.75
50752,2026-03-05 15:45:10,3,10.75
50753,2026-03-05 15:47:19,2,9.0
50754,2026-03-05 15:49:20,2,7.7
50755,2026-03-05 16:04:51,2,7.7
50756,2026-03-05 16:06:41,1,3.25
50757,2026-03-05 16:11:15,1,4.25
50758,2026-03-05 16:15:42,3,11.95
50759,2026-03-05 16:15:46,1,3.25
50760,2026-03-05 16:16:19,2,7.5
50761,2026-03-05 16:19:38,3,12.2
50762,2026-03-05 16:24:00,3,13.75
50763,2026-03-05 16:28:32,1,3.0
50764,2026-03-05 16:29:09,3,8.9
50765,2026-03-05 16:31:09,3,10.45
50766,2026-03-05 16:39:26,2,9.25
50767,2026-03-05 16:40:25,2,7.2
50768,2026-03-05 17:05:00,2,9.5
50769,2026-03-05 17:06:13,1,3.25
50770,2026-03-05 17:31:57,1,2.95
50771,2026-03-05 17:45:10,2,6.5
50772,2026-03-05 17:50:24,1,4.5
50773,2026-03-05 18:02:52,1,4.75
50774,2026-03-05 18:05:24,1,4.5
50775,2026-03-05 18:06:05,1,3.0
50776,2026-03-05 18:09:10,2,7.7
50777,2026-03-05 18:18:48,1,4.75
50778,2026-03-05 18:25:37,2,8.75
50779,2026-03-05 18:25:37,2,7.45
50780,2026-03-05 18:28:22,2,5.95
50781,2026-03-05 18:29:04,3,11.75
50782,2026-03-05 18:29:13,2,8.0
50783,2026-03-05 18:40:22,2,7.5
50784,2026-03-05 18:45:30,1,4.5
50785,2026-03-05 18:51:03,3,10.45
50786,2026-03-05 18:53:56,1,2.95
50787,2026-03-05 18:54:08,1,2.95
50788,2026-03-05 18:56:46,3,9.45
50789,2026-03-06 07:02:06,2,7.75
50790,2026-03-06 07:04:42,1,4.25
50791,2026-03-06 07:05:33,1,2.95
50792,2026-03-06 07:07:39,2,7.25
50793,2026-03-06 07:11:43,1,4.5
50794,2026-03-06 07:13:26,3,10.45
50795,2026-03-06 07:16:39,3,10.65
50796,2026-03-06 07:19:46,1,2.95
50797,2026-03-06 07:21:25,2,9.25
50798,2026-03-06 07:21:28,1,4.75
50799,2026-03-06 07:23:05,1,3.25
50800,2026-03-06 07:23:57,1,3.25
50801,2026-03-06 07:25:01,2,7.5
50802,2026-03-06 07:26:32,2,7.5
50803,2026-03-06 07:30:36,2,7.7
50804,2026-03-06 07:32:25,2,8.0
50805,2026-03-06 07:34:42,1,2.95
50806,2026-03-06 07:34:53,1,2.95
50807,2026-03-06 07:38:10,3,11.75
50808,2026-03-06 07:42:40,1,3.0
50809,2026-03-06 07:43:06,2,9.25
50810,2026-03-06 07:45:31,1,4.5
50811,2026-03-06 07:46:28,1,4.5
50812,2026-03-06 07:48:20,1,4.5
50813,2026-03-06 07:49:53,1,4.5
50814,2026-03-06 07:52:36,1,4.75
50815,2026-03-06 07:55:01,1,3.0
50816,2026-03-06 07:55:18,1,4.5
50817,2026-03-06 08:01:37,2,6.0
50818,2026-03-06 08:01:45,1,3.0
50819,2026-03-06 08:04:16,1,4.5
50820,2026-03-06 08:06:20,2,5.9
50821,2026-03-06 08:06:43,1,4.25
50822,2026-03-06 08:09:17,2,5.9
50823,2026-03-06 08:17:35,3,12.75
50824,2026-03-06 08:18:46,1,4.25
50825,2026-03-06 08:18:58,2,9.25
50826,2026-03-06 08:19:18,1,4.5
50827,2026-03-06 08:19:49,2,6.2
50828,2026-03-06 08:21:34,1,3.0
50829,2026-03-06 08:22:40,2,9.5
50830,2026-03-06 08:22:49,1,3.25
50831,2026-03-06 08:22:57,1,3.25
50832,2026-03-06 08:24:07,3,10.5
50833,2026-03-06 08:26:07,2,7.2
50834,2026-03-06 08:27:29,2,6.25
50835,2026-03-06 08:30:47,2,5.95
50836,2026-03-06 08:31:14,2,6.0
50837,2026-03-06 08:31:27,1,4.75
50838,2026-03-06 08:32:47,2,9.25
50839,2026-03-06 08:33:48,2,6.2
50840,2026-03-06 08:34:10,1,2.95
50841,2026-03-06 08:35:01,1,4.75
50842,2026-03-06 08:36:29,1,4.25
50843,2026-03-06 08:36:54,2,8.75
50844,2026-03-06 08:38:06,1,3.25
50845,2026-03-06 08:43:20,1,4.25
50846,2026-03-06 08:45:48,1,3.0
50847,2026-03-06 08:46:12,1,4.25
50848,2026-03-06 08:46:20,1,4.25
50849,2026-03-06 08:50:06,1,4.75
50850,2026-03-06 08:50:41,2,7.25
50851,2026-03-06 08:50:48,1,3.0
50852,2026-03-06 08:51:56,2,6.0
50853,2026-03-06 08:52:40,1,3.0
50854,2026-03-06 08:52:53,1,4.5
50855,2026-03-06 08:53:42,3,10.7
50856,2026-03-06 08:56:43,2,7.75
50857,2026-03-06 09:00:57,2,7.75
50858,2026-03-06 09:01:36,3,10.75
50859,2026-03-06 09:02:40,3,12.0
50860,2026-03-06 09:03:11,3,11.45
50861,2026-03-06 09:07:37,2,5.9
50862,2026-03-06 09:12:49,3,13.0
50863,2026-03-06 09:13:16,1,4.25
50864,2026-03-06 09:19:35,1,2.95
50865,2026-03-06 09:21:09,3,12.25
50866,2026-03-06 09:22:49,2,9.25
50867,2026-03-06 09:23:50,2,7.75
50868,2026-03-06 09:25:19,1,3.0
50869,2026-03-06 09:33:02,1,4.25
50870,2026-03-06 09:36:15,1,3.25
50871,2026-03-06 09:39:10,1,3.25
50872,2026-03-06 09:40:17,2,9.5
50873,2026-03-06 09:41:04,3,12.0
50874,2026-03-06 09:43:08,1,2.95
50875,2026-03-06 09:43:31,2,7.25
50876,2026-03-06 09:46:45,1,3.0
50877,2026-03-06 09:47:10,2,6.25
50878,2026-03-06 09:48:44,2,7.75
50879,2026-03-06 09:50:59,1,4.5
50880,2026-03-06 09:51:46,1,3.0
50881,2026-03-06 09:56:44,1,4.5
50882,2026-03-06 09:57:59,1,4.75
50883,2026-03-06 09:58:20,1,4.75
50884,2026-03-06 09:58:25,2,7.75
50885,2026-03-06 09:59:25,1,2.95
50886,2026-03-06 10:01:48,1,4.75
50887,2026-03-06 10:04:30,2,7.25
50888,2026-03-06 10:13:38,2,9.0
50889,2026-03-06 10:29:26,1,4.5
50890,2026-03-06 10:42:12,1,2.95
50891,2026-03-06 10:48:39,1,3.25
50892,2026-03-06 10:49:06,1,4.75
50893,2026-03-06 10:50:01,1,3.0
50894,2026-03-06 10:50:04,1,2.95
50895,2026-03-06 10:50:40,2,6.2
50896,2026-03-06 11:06:44,3,13.75
50897,2026-03-06 11:12:45,2,9.0
50898,2026-03-06 11:21:59,1,3.25
50899,2026-03-06 11:41:27,3,13.5
50900,2026-03-06 11:50:59,1,4.25
50901,2026-03-06 12:01:19,1,4.5
50902,2026-03-06 12:02:26,3,10.75
50903,2026-03-06 12:03:46,2,7.2
50904,2026-03-06 12:07:23,2,7.7
50905,2026-03-06 12:11:39,2,6.2
50906,2026-03-06 12:12:11,1,4.5
50907,2026-03-06 12:18:42,2,7.5
50908,2026-03-06 12:23:21,2,9.0
50909,2026-03-06 12:23:28,2,7.5
50910,2026-03-06 12:25:26,2,6.5
50911,2026-03-06 12:28:37,2,5.95
50912,2026-03-06 12:28:39,2,6.0
50913,2026-03-06 12:29:08,1,4.5
50914,2026-03-06 12:31:48,1,3.25
50915,2026-03-06 12:32:17,2,5.95
50916,2026-03-06 12:32:34,1,3.25
50917,2026-03-06 12:38:20,2,9.25
50918,2026-03-06 12:39:39,1,4.25
50919,2026-03-06 12:43:13,1,2.95
50920,2026-03-06 12:44:49,1,3.0
50921,2026-03-06 12:46:38,2,9.25
50922,2026-03-06 12:47:19,1,4.25
50923,2026-03-06 12:49:59,1,3.0
50924,2026-03-06 12:52:37,1,4.5
50925,2026-03-06 12:53:32,2,9.0
50926,2026-03-06 12:58:15,1,3.25
50927,2026-03-06 12:58:21,2,7.7
50928,2026-03-06 13:00:39,2,7.5
50929,2026-03-06 13:07:23,2,7.7
50930,2026-03-06 13:10:38,2,7.75
50931,2026-03-06 13:12:52,3,12.5
50932,2026-03-06 13:14:36,1,4.25
50933,2026-03-06 13:14:37,1,4.75
50934,2026-03-06 13:19:12,1,4.5
50935,2026-03-06 13:21:23,2,5.95
50936,2026-03-06 13:21:41,1,4.5
50937,2026-03-06 13:27:16,2,7.2
50938,2026-03-06 13:29:28,3,8.95
50939,2026-03-06 13:31:32,1,4.25
50940,2026-03-06 13:42:54,1,3.0
50941,2026-03-06 13:45:11,1,2.95
50942,2026-03-06 13:46:32,2,9.25
50943,2026-03-06 13:46:57,2,6.0
50944,2026-03-06 13:54:37,3,14.25
50945,2026-03-06 13:59:38,2,7.5
50946,2026-03-06 14:01:23,1,3.25
50947,2026-03-06 14:04:38,1,4.25
50948,2026-03-06 14:11:52,2,5.9
50949,2026-03-06 14:13:12,2,6.2
50950,2026-03-06 14:14:30,2,7.2
50951,2026-03-06 14:16:52,3,11.0
50952,2026-03-06 14:19:52,1,3.25
50953,2026-03-06 14:23:15,1,2.95
50954,2026-03-06 14:25:00,2,7.45
50955,2026-03-06 14:28:10,1,3.0
50956,2026-03-06 14:50:41,1,2.95
50957,2026-03-06 14:54:18,3,12.0
50958,2026-03-06 15:01:09,2,7.5
50959,2026-03-06 15:20:55,2,5.95
50960,2026-03-06 15:21:49,1,2.95
50961,2026-03-06 15:47:12,2,5.95
50962,2026-03-06 15:57:16,2,7.25
50963,2026-03-06 16:03:14,2,7.5
50964,2026-03-06 16:07:12,2,7.5
50965,2026-03-06 16:08:16,1,4.25
50966,2026-03-06 16:14:25,1,4.5
50967,2026-03-06 16:32:16,3,9.25
50968,2026-03-06 16:32:58,1,3.25
50969,2026-03-06 16:36:20,1,4.5
50970,2026-03-06 16:38:13,3,9.2
50971,2026-03-06 16:39:30,3,13.75
50972,2026-03-06 16:45:52,2,7.7
50973,2026-03-06 16:46:27,1,4.25
50974,2026-03-06 16:48:38,2,6.25
50975,2026-03-06 17:34:07,1,4.75
50976,2026-03-06 17:38:49,1,4.5
50977,2026-03-06 17:46:24,1,3.25
50978,2026-03-06 17:51:50,2,7.25
50979,2026-03-06 17:52:42,1,4.5
50980,2026-03-06 17:56:22,2,7.5
50981,2026-03-06 17:59:49,2,7.7
50982,2026-03-06 18:04:02,2,7.7
50983,2026-03-06 18:06:32,2,6.2
50984,2026-03-06 18:50:21,1,4.5
50985,2026-03-06 18:58:45,1,4.75
50986,2026-03-07 08:00:49,1,3.25
50987,2026-03-07 08:12:15,1,2.95
50988,2026-03-07 08:27:46,1,4.5
50989,2026-03-07 08:39:10,1,4.75
50990,2026-03-07 08:40:43,3,12.5
50991,2026-03-07 08:43:05,2,7.75
50992,2026-03-07 08:47:40,1,4.5
50993,2026-03-07 08:51:31,2,8.0
50994,2026-03-07 08:56:43,1,4.5
50995,2026-03-07 08:57:35,3,9.45
50996,2026-03-07 08:58:23,1,2.95
50997,2026-03-07 09:03:28,1,3.0
50998,2026-03-07 09:06:54,2,7.5
50999,2026-03-07 09:07:35,1,4.75
51000,2026-03-07 09:08:13,3,12.5
51001,2026-03-07 09:11:38,3,11.7
51002,2026-03-07 09:15:06,2,7.5
51003,2026-03-07 09:18:41,2,7.45
51004,2026-03-07 09:22:46,2,7.75
51005,2026-03-07 09:27:06,1,3.25
51006,2026-03-07 09:28:21,1,3.0
51007,2026-03-07 09:28:22,2,7.5
51008,2026-03-07 09:31:24,2,6.25
51009,2026-03-07 09:31:38,1,3.0
51010,2026-03-07 09:38:45,1,4.5
51011,2026-03-07 09:47:17,2,7.2
51012,2026-03-07 09:48:32,2,8.75
51013,2026-03-07 09:57:27,2,7.45
51014,2026-03-07 09:57:55,2,6.2
51015,2026-03-07 09:58:19,1,2.95
51016,2026-03-07 10:01:20,3,11.0
51017,2026-03-07 10:02:24,3,10.95
51018,2026-03-07 10:05:48,2,6.2
51019,2026-03-07 10:07:09,3,10.15
51020,2026-03-07 10:07:11,1,4.75
51021,2026-03-07 10:13:15,2,7.5
51022,2026-03-07 10:17:45,1,2.95
51023,2026-03-07 10:18:17,1,3.25
51024,2026-03-07 10:18:26,3,8.95
51025,2026-03-07 10:18:38,1,4.5
51026,2026-03-07 10:19:23,3,9.2
51027,2026-03-07 10:20:17,3,9.25
51028,2026-03-07 10:24:50,3,12.0
51029,2026-03-07 10:28:56,2,9.0
51030,2026-03-07 10:35:03,1,3.0
51031,2026-03-07 10:35:22,1,4.5
51032,2026-03-07 10:35:37,2,6.25
51033,2026-03-07 10:38:10,1,2.95
51034,2026-03-07 10:39:14,1,2.95
51035,2026-03-07 10:39:21,2,7.75
51036,2026-03-07 10:41:24,1,4.5
51037,2026-03-07 10:44:36,2,9.0
51038,2026-03-07 10:48:42,1,3.0
51039,2026-03-07 10:52:31,2,7.75
51040,2026-03-07 10:53:57,1,4.25
51041,2026-03-07 10:55:29,1,4.25
51042,2026-03-07 10:56:05,1,4.25
51043,2026-03-07 10:56:29,1,4.25
51044,2026-03-07 10:59:35,2,7.25
51045,2026-03-07 10:59:38,1,4.75
51046,2026-03-07 11:00:46,2,7.75
51047,2026-03-07 11:06:35,2,7.7
51048,2026-03-07 11:12:07,2,7.2
51049,2026-03-07 11:26:32,1,4.5
51050,2026-03-07 11:29:56,1,4.5
51051,2026-03-07 11:31:50,2,7.25
51052,2026-03-07 11:34:42,2,9.25
51053,2026-03-07 11:40:01,1,2.95
51054,2026-03-07 11:43:40,1,2.95
51055,2026-03-07 11:51:04,2,7.5
51056,2026-03-07 11:52:35,1,2.95
51057,2026-03-07 11:54:35,1,4.5
51058,2026-03-07 11:56:55,2,6.5
51059,2026-03-07 11:56:56,3,11.95
51060,2026-03-07 11:57:42,2,7.7
51061,2026-03-07 12:07:40,1,2.95
51062,2026-03-07 12:10:14,1,4.5
51063,2026-03-07 12:11:20,1,4.75
51064,2026-03-07 12:14:15,1,4.75
51065,2026-03-07 12:15:11,1,4.75
51066,2026-03-07 12:15:59,1,3.25
51067,2026-03-07 12:16:05,1,3.0
51068,2026-03-07 12:18:14,2,5.9
51069,2026-03-07 12:18:56,2,6.5
51070,2026-03-07 12:21:14,1,4.25
51071,2026-03-07 12:22:52,1,4.25
51072,2026-03-07 12:23:08,1,3.0
51073,2026-03-07 12:23:23,1,4.25
51074,2026-03-07 12:23:49,1,4.25
51075,2026-03-07 12:25:57,3,12.0
51076,2026-03-07 12:27:27,2,5.9
51077,2026-03-07 12:36:46,1,4.5
51078,2026-03-07 12:39:23,1,3.25
51079,2026-03-07 12:40:42,1,4.25
51080,2026-03-07 12:43:08,1,3.25
51081,2026-03-07 12:45:54,1,4.5
51082,2026-03-07 13:09:08,3,12.2
51083,2026-03-07 13:13:50,1,2.95
51084,2026-03-07 13:22:54,1,2.95
51085,2026-03-07 13:23:31,2,6.0
51086,2026-03-07 13:23:42,1,4.5
51087,2026-03-07 13:30:05,1,3.25
51088,2026-03-07 13:32:24,2,7.7
51089,2026-03-07 13:39:03,1,4.75
51090,2026-03-07 13:53:27,2,7.25
51091,2026-03-07 13:54:50,1,3.0
51092,2026-03-07 13:59:04,1,3.0
51093,2026-03-07 14:03:50,1,4.5
51094,2026-03-07 14:04:57,2,7.45
51095,2026-03-07 14:05:41,2,9.5
51096,2026-03-07 14:08:04,2,9.0
51097,2026-03-07 14:22:27,1,3.25
51098,2026-03-07 14:25:51,2,7.75
51099,2026-03-07 14:28:10,1,3.0
51100,2026-03-07 14:28:46,2,6.5
51101,2026-03-07 14:29:00,2,6.25
51102,2026-03-07 14:29:05,1,4.75
51103,2026-03-07 14:34:47,3,11.75
51104,2026-03-07 14:41:05,1,4.75
51105,2026-03-07 14:51:20,2,8.0
51106,2026-03-07 15:02:37,2,6.0
51107,2026-03-07 15:03:49,1,4.5
51108,2026-03-07 15:15:31,3,12.25
51109,2026-03-07 15:16:23,3,12.45
51110,2026-03-07 15:19:09,1,2.95
51111,2026-03-07 15:29:42,3,10.5
51112,2026-03-07 15:32:53,1,4.5
51113,2026-03-07 15:35:08,1,3.25
51114,2026-03-07 15:36:17,1,3.25
51115,2026-03-07 15:55:40,2,6.25
51116,2026-03-07 15:55:49,1,3.25
51117,2026-03-07 16:09:04,1,4.5
51118,2026-03-07 16:29:33,2,8.0
51119,2026-03-07 16:30:26,2,7.7
51120,2026-03-07 16:30:42,3,12.25
51121,2026-03-07 16:30:43,1,3.25
51122,2026-03-07 16:33:11,1,3.25
51123,2026-03-07 16:41:38,1,3.25
51124,2026-03-07 16:46:40,1,4.75
51125,2026-03-07 16:49:34,1,4.75
51126,2026-03-07 16:59:07,2,7.7
51127,2026-03-08 08:06:12,1,2.95
51128,2026-03-08 08:10:22,3,14.25
51129,2026-03-08 08:15:59,1,4.5
51130,2026-03-08 08:25:38,3,9.45
51131,2026-03-08 08:29:36,2,8.75
51132,2026-03-08 08:41:29,1,4.5
51133,2026-03-08 08:44:02,1,3.0
51134,2026-03-08 08:46:44,1,4.25
51135,2026-03-08 08:50:55,1,3.25
51136,2026-03-08 08:53:17,2,7.2
51137,2026-03-08 08:54:27,1,4.75
51138,2026-03-08 09:07:36,1,4.25
51139,2026-03-08 09:09:07,1,3.25
51140,2026-03-08 09:09:44,2,7.7
51141,2026-03-08 09:14:25,2,7.7
51142,2026-03-08 09:17:55,3,10.7
51143,2026-03-08 09:27:12,1,4.5
51144,2026-03-08 09:29:15,2,8.5
51145,2026-03-08 09:32:52,1,3.0
51146,2026-03-08 09:34:01,2,7.5
51147,2026-03-08 09:35:33,1,4.5
51148,2026-03-08 09:36:28,1,4.75
51149,2026-03-08 09:40:04,2,5.95
51150,2026-03-08 09:40:58,1,4.75
51151,2026-03-08 09:41:41,1,4.75
51152,2026-03-08 09:41:42,1,3.25
51153,2026-03-08 09:44:49,3,11.7
51154,2026-03-08 09:46:03,2,9.25
51155,2026-03-08 09:48:02,1,4.75
51156,2026-03-08 09:49:06,2,7.7
51157,2026-03-08 09:54:16,2,8.75
51158,2026-03-08 09:59:27,2,6.25
51159,2026-03-08 10:00:33,1,2.95
51160,2026-03-08 10:00:52,1,3.0
51161,2026-03-08 10:01:31,2,6.2
51162,2026-03-08 10:01:32,2,7.75
51163,2026-03-08 10:03:21,3,10.45
51164,2026-03-08 10:03:33,2,8.5
51165,2026-03-08 10:05:46,3,10.75
51166,2026-03-08 10:07:55,2,9.25
51167,2026-03-08 10:08:51,2,7.25
51168,2026-03-08 10:09:27,1,4.5
51169,2026-03-08 10:10:28,2,7.25
51170,2026-03-08 10:14:20,3,11.75
51171,2026-03-08 10:22:02,3,10.7
51172,2026-03-08 10:24:43,2,8.5
51173,2026-03-08 10:28:11,1,4.25
51174,2026-03-08 10:32:35,2,9.0
51175,2026-03-08 10:35:44,3,12.25
51176,2026-03-08 10:39:24,2,7.75
51177,2026-03-08 10:40:53,1,4.75
51178,2026-03-08 10:45:10,3,12.2
51179,2026-03-08 10:46:15,1,3.25
51180,2026-03-08 10:47:52,2,7.75
51181,2026-03-08 10:47:56,1,3.0
51182,2026-03-08 10:53:24,2,9.0
51183,2026-03-08 10:53:47,2,7.5
51184,2026-03-08 10:54:35,1,3.25
51185,2026-03-08 11:03:29,1,4.25
51186,2026-03-08 11:06:32,1,4.5
51187,2026-03-08 11:09:15,1,2.95
51188,2026-03-08 11:12:47,1,4.5
51189,2026-03-08 11:15:53,2,9.25
51190,2026-03-08 11:15:57,1,3.0
51191,2026-03-08 11:18:55,1,3.0
51192,2026-03-08 11:26:30,2,6.0
51193,2026-03-08 11:31:14,1,4.75
51194,2026-03-08 11:32:47,2,6.2
51195,2026-03-08 11:36:37,3,12.5
51196,2026-03-08 11:37:55,3,10.7
51197,2026-03-08 11:41:50,1,3.0
51198,2026-03-08 11:48:35,1,3.25
51199,2026-03-08 11:50:54,1,3.25
51200,2026-03-08 11:50:54,3,12.25
51201,2026-03-08 11:52:38,3,14.0
51202,2026-03-08 11:53:35,2,9.0
51203,2026-03-08 11:55:34,3,10.75
51204,2026-03-08 12:00:36,2,7.45
51205,2026-03-08 12:01:39,1,4.5
51206,2026-03-08 12:06:09,1,4.5
51207,2026-03-08 12:07:50,2,9.25
51208,2026-03-08 12:11:19,1,2.95
51209,2026-03-08 12:17:07,2,7.75
51210,2026-03-08 12:20:46,2,7.45
51211,2026-03-08 12:29:05,3,10.25
51212,2026-03-08 12:32:32,1,3.25
51213,2026-03-08 12:32:53,3,12.25
51214,2026-03-08 12:35:32,3,11.75
51215,2026-03-08 12:36:39,1,3.0
51216,2026-03-08 12:37:43,3,10.45
51217,2026-03-08 12:40:22,1,4.75
51218,2026-03-08 12:42:25,3,12.5
51219,2026-03-08 12:57:29,3,12.5
51220,2026-03-08 13:06:12,1,2.95
51221,2026-03-08 13:06:16,2,6.2
51222,2026-03-08 13:14:12,1,3.25
51223,2026-03-08 13:21:35,2,7.7
51224,2026-03-08 13:25:26,1,4.75
51225,2026-03-08 13:30:21,1,3.25
51226,2026-03-08 13:34:38,1,4.25
51227,2026-03-08 13:35:49,2,6.2
51228,2026-03-08 13:39:10,3,12.25
51229,2026-03-08 13:41:55,3,11.45
51230,2026-03-08 14:03:06,2,7.75
51231,2026-03-08 14:05:28,1,2.95
51232,2026-03-08 14:07:58,1,3.25
51233,2026-03-08 14:13:08,3,14.0
51234,2026-03-08 14:14:23,2,6.2
51235,2026-03-08 14:14:32,2,7.75
51236,2026-03-08 14:24:15,2,7.45
51237,2026-03-08 14:24:43,1,3.25
51238,2026-03-08 14:27:14,1,2.95
51239,2026-03-08 14:28:02,3,12.25
51240,2026-03-08 14:33:09,1,3.0
51241,2026-03-08 14:39:42,2,7.5
51242,2026-03-08 14:44:01,1,3.0
51243,2026-03-08 14:44:22,2,7.45
51244,2026-03-08 15:23:35,1,4.75
51245,2026-03-08 15:42:29,1,4.75
51246,2026-03-08 15:44:43,1,3.0
51247,2026-03-08 15:46:58,1,4.75
51248,2026-03-08 15:51:33,2,9.25
51249,2026-03-08 15:55:19,1,3.25
51250,2026-03-08 15:59:46,2,6.2
51251,2026-03-08 16:04:14,1,4.5
51252,2026-03-08 16:08:18,1,2.95
51253,2026-03-08 16:12:15,1,2.95
51254,2026-03-08 16:17:46,1,3.25
51255,2026-03-08 16:34:19,1,3.25
51256,2026-03-08 16:46:44,2,7.75
51257,2026-03-08 16:57:32,1,4.75
