date,store,day_of_week,temp_c,rain_mm,promo,transactions,revenue
2025-01-01,Downtown,Wednesday,0.0,0.0,0,101,734.77
2025-01-01,University,Wednesday,0.0,0.0,0,50,369.49
2025-01-01,Riverside,Wednesday,0.0,0.0,0,57,446.96
2025-01-02,Downtown,Thursday,2.4,0.0,0,98,735.9
2025-01-02,University,Thursday,2.4,0.0,0,50,370.78
2025-01-02,Riverside,Thursday,2.4,0.0,0,60,433.58
2025-01-03,Downtown,Friday,-1.8,0.0,0,91,724.49
2025-01-03,University,Friday,-1.8,0.0,0,60,430.73
2025-01-03,Riverside,Friday,-1.8,0.0,0,63,441.63
2025-01-04,Downtown,Saturday,-0.2,0.0,0,117,884.58
2025-01-04,University,Saturday,-0.2,0.0,0,30,224.9
2025-01-04,Riverside,Saturday,-0.2,0.0,0,67,509.26
2025-01-05,Downtown,Sunday,4.9,2.3,0,114,867.21
2025-01-05,University,Sunday,4.9,2.3,0,36,273.25
2025-01-05,Riverside,Sunday,4.9,2.3,0,68,513.08
2025-01-06,Downtown,Monday,5.4,0.0,0,96,741.31
2025-01-06,University,Monday,5.4,0.0,0,56,409.48
2025-01-06,Riverside,Monday,5.4,0.0,0,63,460.16
2025-01-07,Downtown,Tuesday,2.7,0.0,0,101,719.67
2025-01-07,University,Tuesday,2.7,0.0,0,60,427.43
2025-01-07,Riverside,Tuesday,2.7,0.0,0,54,425.91
2025-01-08,Downtown,Wednesday,0.5,0.0,0,89,654.15
2025-01-08,University,Wednesday,0.5,0.0,0,51,367.08
2025-01-08,Riverside,Wednesday,0.5,0.0,0,57,424.48
2025-01-09,Downtown,Thursday,-0.9,0.0,0,106,794.95
2025-01-09,University,Thursday,-0.9,0.0,0,83,591.01
2025-01-09,Riverside,Thursday,-0.9,0.0,0,55,416.9
2025-01-10,Downtown,Friday,-0.9,0.0,0,99,715.95
2025-01-10,University,Friday,-0.9,0.0,0,75,541.14
2025-01-10,Riverside,Friday,-0.9,0.0,0,56,397.35
2025-01-11,Downtown,Saturday,3.8,0.0,0,119,901.6
2025-01-11,University,Saturday,3.8,0.0,0,55,406.92
2025-01-11,Riverside,Saturday,3.8,0.0,0,74,555.31
2025-01-12,Downtown,Sunday,-1.5,0.0,1,126,925.48
2025-01-12,University,Sunday,-1.5,0.0,1,58,431.38
2025-01-12,Riverside,Sunday,-1.5,0.0,1,90,631.91
2025-01-13,Downtown,Monday,0.3,0.0,0,93,689.23
2025-01-13,University,Monday,0.3,0.0,0,80,568.46
2025-01-13,Riverside,Monday,0.3,0.0,0,62,431.4
2025-01-14,Downtown,Tuesday,-0.1,2.3,0,88,686.62
2025-01-14,University,Tuesday,-0.1,2.3,0,77,558.84
2025-01-14,Riverside,Tuesday,-0.1,2.3,0,51,376.34
2025-01-15,Downtown,Wednesday,4.9,1.2,1,107,748.3
2025-01-15,University,Wednesday,4.9,1.2,1,83,583.31
2025-01-15,Riverside,Wednesday,4.9,1.2,1,49,372.97
2025-01-16,Downtown,Thursday,1.0,0.0,0,95,716.77
2025-01-16,University,Thursday,1.0,0.0,0,72,504.95
2025-01-16,Riverside,Thursday,1.0,0.0,0,58,427.94
2025-01-17,Downtown,Friday,-0.6,0.0,1,110,833.04
2025-01-17,University,Friday,-0.6,0.0,1,77,577.98
2025-01-17,Riverside,Friday,-0.6,0.0,1,64,473.89
2025-01-18,Downtown,Saturday,3.0,0.0,0,123,937.11
2025-01-18,University,Saturday,3.0,0.0,0,52,377.41
2025-01-18,Riverside,Saturday,3.0,0.0,0,69,499.93
2025-01-19,Downtown,Sunday,2.6,0.0,1,127,898.67
2025-01-19,University,Sunday,2.6,0.0,1,54,400.82
2025-01-19,Riverside,Sunday,2.6,0.0,1,81,591.45
2025-01-20,Downtown,Monday,4.2,0.0,0,104,753.13
2025-01-20,University,Monday,4.2,0.0,0,74,553.9
2025-01-20,Riverside,Monday,4.2,0.0,0,58,450.7
2025-01-21,Downtown,Tuesday,3.5,0.0,0,97,732.92
2025-01-21,University,Tuesday,3.5,0.0,0,75,582.68
2025-01-21,Riverside,Tuesday,3.5,0.0,0,50,368.79
2025-01-22,Downtown,Wednesday,1.0,0.0,1,125,928.18
2025-01-22,University,Wednesday,1.0,0.0,1,85,633.46
2025-01-22,Riverside,Wednesday,1.0,0.0,1,55,407.9
2025-01-23,Downtown,Thursday,1.4,10.9,0,79,569.82
2025-01-23,University,Thursday,1.4,10.9,0,72,497.03
2025-01-23,Riverside,Thursday,1.4,10.9,0,50,367.35
2025-01-24,Downtown,Friday,0.3,0.0,1,104,752.45
2025-01-24,University,Friday,0.3,0.0,1,85,592.05
2025-01-24,Riverside,Friday,0.3,0.0,1,56,420.8
2025-01-25,Downtown,Saturday,1.8,0.0,1,126,909.47
2025-01-25,University,Saturday,1.8,0.0,1,56,425.37
2025-01-25,Riverside,Saturday,1.8,0.0,1,77,580.39
2025-01-26,Downtown,Sunday,-7.0,0.9,0,118,871.6
2025-01-26,University,Sunday,-7.0,0.9,0,49,360.51
2025-01-26,Riverside,Sunday,-7.0,0.9,0,69,498.44
2025-01-27,Downtown,Monday,9.1,0.0,0,99,711.24
2025-01-27,University,Monday,9.1,0.0,0,87,609.4
2025-01-27,Riverside,Monday,9.1,0.0,0,65,449.73
2025-01-28,Downtown,Tuesday,5.4,0.0,0,105,780.26
2025-01-28,University,Tuesday,5.4,0.0,0,80,561.56
2025-01-28,Riverside,Tuesday,5.4,0.0,0,58,416.18
2025-01-29,Downtown,Wednesday,1.9,3.3,0,95,674.34
2025-01-29,University,Wednesday,1.9,3.3,0,73,537.71
2025-01-29,Riverside,Wednesday,1.9,3.3,0,61,443.55
2025-01-30,Downtown,Thursday,1.6,1.7,0,98,718.95
2025-01-30,University,Thursday,1.6,1.7,0,67,515.49
2025-01-30,Riverside,Thursday,1.6,1.7,0,58,408.94
2025-01-31,Downtown,Friday,1.2,0.0,0,104,741.85
2025-01-31,University,Friday,1.2,0.0,0,68,512.49
2025-01-31,Riverside,Friday,1.2,0.0,0,59,453.74
2025-02-01,Downtown,Saturday,1.3,0.0,0,115,893.15
2025-02-01,University,Saturday,1.3,0.0,0,51,358.86
2025-02-01,Riverside,Saturday,1.3,0.0,0,67,497.1
2025-02-02,Downtown,Sunday,3.7,15.8,0,112,776.68
2025-02-02,University,Sunday,3.7,15.8,0,51,355.9
2025-02-02,Riverside,Sunday,3.7,15.8,0,55,399.6
2025-02-03,Downtown,Monday,-2.8,0.0,1,109,799.5
2025-02-03,University,Monday,-2.8,0.0,1,73,556.87
2025-02-03,Riverside,Monday,-2.8,0.0,1,67,477.62
2025-02-04,Downtown,Tuesday,3.4,12.7,0,84,618.07
2025-02-04,University,Tuesday,3.4,12.7,0,63,478.13
2025-02-04,Riverside,Tuesday,3.4,12.7,0,46,359.23
2025-02-05,Downtown,Wednesday,4.3,5.5,0,102,754.81
2025-02-05,University,Wednesday,4.3,5.5,0,82,568.05
2025-02-05,Riverside,Wednesday,4.3,5.5,0,56,405.39
2025-02-06,Downtown,Thursday,2.4,0.0,1,119,837.64
2025-02-06,University,Thursday,2.4,0.0,1,84,639.02
2025-02-06,Riverside,Thursday,2.4,0.0,1,71,509.8
2025-02-07,Downtown,Friday,-0.3,0.0,1,102,773.86
2025-02-07,University,Friday,-0.3,0.0,1,82,608.4
2025-02-07,Riverside,Friday,-0.3,0.0,1,65,467.01
2025-02-08,Downtown,Saturday,0.5,6.2,0,110,807.56
2025-02-08,University,Saturday,0.5,6.2,0,52,405.38
2025-02-08,Riverside,Saturday,0.5,6.2,0,66,502.55
2025-02-09,Downtown,Sunday,3.8,0.0,1,131,988.8
2025-02-09,University,Sunday,3.8,0.0,1,67,472.04
2025-02-09,Riverside,Sunday,3.8,0.0,1,74,549.47
2025-02-10,Downtown,Monday,-1.0,13.5,0,82,616.52
2025-02-10,University,Monday,-1.0,13.5,0,65,485.97
2025-02-10,Riverside,Monday,-1.0,13.5,0,40,310.73
2025-02-11,Downtown,Tuesday,4.8,1.7,0,97,721.41
2025-02-11,University,Tuesday,4.8,1.7,0,74,555.62
2025-02-11,Riverside,Tuesday,4.8,1.7,0,66,462.01
2025-02-12,Downtown,Wednesday,1.7,0.0,0,108,820.5
2025-02-12,University,Wednesday,1.7,0.0,0,77,562.32
2025-02-12,Riverside,Wednesday,1.7,0.0,0,58,436.34
2025-02-13,Downtown,Thursday,5.0,7.0,1,101,764.32
2025-02-13,University,Thursday,5.0,7.0,1,90,684.94
2025-02-13,Riverside,Thursday,5.0,7.0,1,58,428.4
2025-02-14,Downtown,Friday,5.7,0.0,0,103,764.02
2025-02-14,University,Friday,5.7,0.0,0,78,599.26
2025-02-14,Riverside,Friday,5.7,0.0,0,57,424.72
2025-02-15,Downtown,Saturday,7.8,0.0,1,131,969.13
2025-02-15,University,Saturday,7.8,0.0,1,61,438.61
2025-02-15,Riverside,Saturday,7.8,0.0,1,74,576.5
2025-02-16,Downtown,Sunday,1.6,0.0,0,120,888.42
2025-02-16,University,Sunday,1.6,0.0,0,53,375.12
2025-02-16,Riverside,Sunday,1.6,0.0,0,66,479.21
2025-02-17,Downtown,Monday,8.9,0.0,0,104,807.9
2025-02-17,University,Monday,8.9,0.0,0,75,564.65
2025-02-17,Riverside,Monday,8.9,0.0,0,60,471.07
2025-02-18,Downtown,Tuesday,3.7,0.0,1,122,868.89
2025-02-18,University,Tuesday,3.7,0.0,1,89,675.95
2025-02-18,Riverside,Tuesday,3.7,0.0,1,60,434.47
2025-02-19,Downtown,Wednesday,0.1,8.7,0,84,624.73
2025-02-19,University,Wednesday,0.1,8.7,0,72,511.31
2025-02-19,Riverside,Wednesday,0.1,8.7,0,52,368.6
2025-02-20,Downtown,Thursday,3.4,10.0,0,82,621.36
2025-02-20,University,Thursday,3.4,10.0,0,63,476.41
2025-02-20,Riverside,Thursday,3.4,10.0,0,48,341.63
2025-02-21,Downtown,Friday,4.8,0.0,0,98,687.61
2025-02-21,University,Friday,4.8,0.0,0,74,543.56
2025-02-21,Riverside,Friday,4.8,0.0,0,57,428.64
2025-02-22,Downtown,Saturday,11.3,11.7,0,108,791.37
2025-02-22,University,Saturday,11.3,11.7,0,49,381.12
2025-02-22,Riverside,Saturday,11.3,11.7,0,59,437.02
2025-02-23,Downtown,Sunday,2.8,0.0,0,111,837.85
2025-02-23,University,Sunday,2.8,0.0,0,64,429.29
2025-02-23,Riverside,Sunday,2.8,0.0,0,76,600.36
2025-02-24,Downtown,Monday,2.3,4.1,0,92,675.16
2025-02-24,University,Monday,2.3,4.1,0,69,494.66
2025-02-24,Riverside,Monday,2.3,4.1,0,48,365.31
2025-02-25,Downtown,Tuesday,1.5,0.0,0,93,718.28
2025-02-25,University,Tuesday,1.5,0.0,0,76,550.98
2025-02-25,Riverside,Tuesday,1.5,0.0,0,57,434.25
2025-02-26,Downtown,Wednesday,3.2,0.0,0,95,714.89
2025-02-26,University,Wednesday,3.2,0.0,0,80,594.91
2025-02-26,Riverside,Wednesday,3.2,0.0,0,62,446.54
2025-02-27,Downtown,Thursday,3.1,2.6,0,102,714.08
2025-02-27,University,Thursday,3.1,2.6,0,77,557.47
2025-02-27,Riverside,Thursday,3.1,2.6,0,60,444.38
2025-02-28,Downtown,Friday,7.8,0.0,0,98,699.52
2025-02-28,University,Friday,7.8,0.0,0,82,608.43
2025-02-28,Riverside,Friday,7.8,0.0,0,54,423.33
2025-03-01,Downtown,Saturday,-0.4,5.8,0,109,840.8
2025-03-01,University,Saturday,-0.4,5.8,0,42,328.58
2025-03-01,Riverside,Saturday,-0.4,5.8,0,68,506.47
2025-03-02,Downtown,Sunday,8.5,0.0,0,124,961.0
2025-03-02,University,Sunday,8.5,0.0,0,54,413.13
2025-03-02,Riverside,Sunday,8.5,0.0,0,85,587.21
2025-03-03,Downtown,Monday,4.1,0.0,1,109,799.3
2025-03-03,University,Monday,4.1,0.0,1,90,647.62
2025-03-03,Riverside,Monday,4.1,0.0,1,64,477.15
2025-03-04,Downtown,Tuesday,-3.0,0.9,0,99,748.58
2025-03-04,University,Tuesday,-3.0,0.9,0,69,495.97
2025-03-04,Riverside,Tuesday,-3.0,0.9,0,54,382.14
2025-03-05,Downtown,Wednesday,5.4,0.0,0,92,711.51
2025-03-05,University,Wednesday,5.4,0.0,0,89,651.97
2025-03-05,Riverside,Wednesday,5.4,0.0,0,60,434.57
2025-03-06,Downtown,Thursday,4.3,0.0,0,105,774.34
2025-03-06,University,Thursday,4.3,0.0,0,78,570.78
2025-03-06,Riverside,Thursday,4.3,0.0,0,55,406.36
2025-03-07,Downtown,Friday,1.6,3.4,1,117,838.62
2025-03-07,University,Friday,1.6,3.4,1,88,595.06
2025-03-07,Riverside,Friday,1.6,3.4,1,60,459.11
2025-03-08,Downtown,Saturday,7.3,4.3,0,115,860.72
2025-03-08,University,Saturday,7.3,4.3,0,45,352.04
2025-03-08,Riverside,Saturday,7.3,4.3,0,65,486.73
2025-03-09,Downtown,Sunday,3.0,9.5,0,106,807.79
2025-03-09,University,Sunday,3.0,9.5,0,48,338.38
2025-03-09,Riverside,Sunday,3.0,9.5,0,67,464.83
2025-03-10,Downtown,Monday,6.8,0.0,1,105,811.86
2025-03-10,University,Monday,6.8,0.0,1,83,583.87
2025-03-10,Riverside,Monday,6.8,0.0,1,64,475.87
2025-03-11,Downtown,Tuesday,10.4,5.9,0,97,710.59
2025-03-11,University,Tuesday,10.4,5.9,0,74,547.79
2025-03-11,Riverside,Tuesday,10.4,5.9,0,57,412.92
2025-03-12,Downtown,Wednesday,5.7,1.6,0,107,772.22
2025-03-12,University,Wednesday,5.7,1.6,0,75,551.93
2025-03-12,Riverside,Wednesday,5.7,1.6,0,59,432.86
2025-03-13,Downtown,Thursday,4.3,4.5,0,99,739.0
2025-03-13,University,Thursday,4.3,4.5,0,71,519.12
2025-03-13,Riverside,Thursday,4.3,4.5,0,53,390.95
2025-03-14,Downtown,Friday,3.8,10.9,1,99,722.52
2025-03-14,University,Friday,3.8,10.9,1,84,602.38
2025-03-14,Riverside,Friday,3.8,10.9,1,57,434.59
2025-03-15,Downtown,Saturday,4.7,0.0,0,120,909.71
2025-03-15,University,Saturday,4.7,0.0,0,45,368.04
2025-03-15,Riverside,Saturday,4.7,0.0,0,74,562.8
2025-03-16,Downtown,Sunday,9.3,0.0,0,119,900.26
2025-03-16,University,Sunday,9.3,0.0,0,63,437.17
2025-03-16,Riverside,Sunday,9.3,0.0,0,76,569.27
2025-03-17,Downtown,Monday,10.1,0.0,0,107,807.92
2025-03-17,University,Monday,10.1,0.0,0,80,581.76
2025-03-17,Riverside,Monday,10.1,0.0,0,56,420.64
2025-03-18,Downtown,Tuesday,8.6,0.0,0,111,818.26
2025-03-18,University,Tuesday,8.6,0.0,0,85,627.34
2025-03-18,Riverside,Tuesday,8.6,0.0,0,55,409.01
2025-03-19,Downtown,Wednesday,5.3,18.2,1,94,674.76
2025-03-19,University,Wednesday,5.3,18.2,1,75,567.14
2025-03-19,Riverside,Wednesday,5.3,18.2,1,50,377.59
2025-03-20,Downtown,Thursday,12.3,0.0,0,94,718.72
2025-03-20,University,Thursday,12.3,0.0,0,86,630.68
2025-03-20,Riverside,Thursday,12.3,0.0,0,55,416.51
2025-03-21,Downtown,Friday,6.9,0.0,0,95,688.35
2025-03-21,University,Friday,6.9,0.0,0,81,607.41
2025-03-21,Riverside,Friday,6.9,0.0,0,64,459.48
2025-03-22,Downtown,Saturday,6.3,0.0,0,118,893.65
2025-03-22,University,Saturday,6.3,0.0,0,55,418.01
2025-03-22,Riverside,Saturday,6.3,0.0,0,75,571.32
2025-03-23,Downtown,Sunday,7.3,0.0,0,148,1083.6
2025-03-23,University,Sunday,7.3,0.0,0,58,421.92
2025-03-23,Riverside,Sunday,7.3,0.0,0,78,549.44
2025-03-24,Downtown,Monday,8.1,0.0,0,104,768.58
2025-03-24,University,Monday,8.1,0.0,0,72,554.97
2025-03-24,Riverside,Monday,8.1,0.0,0,62,437.15
2025-03-25,Downtown,Tuesday,7.1,1.6,0,101,770.38
2025-03-25,University,Tuesday,7.1,1.6,0,85,578.03
2025-03-25,Riverside,Tuesday,7.1,1.6,0,54,394.62
2025-03-26,Downtown,Wednesday,10.2,0.3,0,100,760.75
2025-03-26,University,Wednesday,10.2,0.3,0,78,586.56
2025-03-26,Riverside,Wednesday,10.2,0.3,0,55,400.85
2025-03-27,Downtown,Thursday,8.6,0.0,0,95,724.9
2025-03-27,University,Thursday,8.6,0.0,0,84,577.11
2025-03-27,Riverside,Thursday,8.6,0.0,0,67,478.07
2025-03-28,Downtown,Friday,5.2,0.0,0,104,749.02
2025-03-28,University,Friday,5.2,0.0,0,76,556.88
2025-03-28,Riverside,Friday,5.2,0.0,0,60,460.6
2025-03-29,Downtown,Saturday,5.1,0.0,0,123,900.31
2025-03-29,University,Saturday,5.1,0.0,0,54,406.47
2025-03-29,Riverside,Saturday,5.1,0.0,0,76,559.03
2025-03-30,Downtown,Sunday,12.0,9.8,0,119,906.05
2025-03-30,University,Sunday,12.0,9.8,0,55,413.61
2025-03-30,Riverside,Sunday,12.0,9.8,0,66,493.45
2025-03-31,Downtown,Monday,9.9,0.0,0,101,712.19
2025-03-31,University,Monday,9.9,0.0,0,86,615.42
2025-03-31,Riverside,Monday,9.9,0.0,0,62,447.43
2025-04-01,Downtown,Tuesday,7.9,7.7,0,90,687.2
2025-04-01,University,Tuesday,7.9,7.7,0,63,471.92
2025-04-01,Riverside,Tuesday,7.9,7.7,0,49,365.12
2025-04-02,Downtown,Wednesday,8.7,0.0,0,98,755.19
2025-04-02,University,Wednesday,8.7,0.0,0,77,583.38
2025-04-02,Riverside,Wednesday,8.7,0.0,0,66,476.53
2025-04-03,Downtown,Thursday,9.9,4.3,0,93,676.02
2025-04-03,University,Thursday,9.9,4.3,0,72,543.62
2025-04-03,Riverside,Thursday,9.9,4.3,0,61,453.44
2025-04-04,Downtown,Friday,12.0,0.0,0,92,701.33
2025-04-04,University,Friday,12.0,0.0,0,86,597.23
2025-04-04,Riverside,Friday,12.0,0.0,0,59,451.95
2025-04-05,Downtown,Saturday,9.4,7.9,0,111,873.6
2025-04-05,University,Saturday,9.4,7.9,0,49,371.97
2025-04-05,Riverside,Saturday,9.4,7.9,0,71,530.4
2025-04-06,Downtown,Sunday,15.7,0.0,0,142,1078.94
2025-04-06,University,Sunday,15.7,0.0,0,57,427.93
2025-04-06,Riverside,Sunday,15.7,0.0,0,77,538.16
2025-04-07,Downtown,Monday,6.9,0.0,0,80,617.13
2025-04-07,University,Monday,6.9,0.0,0,82,589.41
2025-04-07,Riverside,Monday,6.9,0.0,0,62,456.59
2025-04-08,Downtown,Tuesday,5.7,1.0,1,107,813.61
2025-04-08,University,Tuesday,5.7,1.0,1,91,656.6
2025-04-08,Riverside,Tuesday,5.7,1.0,1,58,450.61
2025-04-09,Downtown,Wednesday,8.9,3.2,0,106,748.0
2025-04-09,University,Wednesday,8.9,3.2,0,75,535.36
2025-04-09,Riverside,Wednesday,8.9,3.2,0,60,457.03
2025-04-10,Downtown,Thursday,16.6,19.3,0,95,723.53
2025-04-10,University,Thursday,16.6,19.3,0,66,523.46
2025-04-10,Riverside,Thursday,16.6,19.3,0,49,368.25
2025-04-11,Downtown,Friday,6.0,8.0,0,96,685.72
2025-04-11,University,Friday,6.0,8.0,0,69,545.24
2025-04-11,Riverside,Friday,6.0,8.0,0,52,397.07
2025-04-12,Downtown,Saturday,14.4,0.0,0,138,1009.96
2025-04-12,University,Saturday,14.4,0.0,0,61,440.31
2025-04-12,Riverside,Saturday,14.4,0.0,0,86,635.64
2025-04-13,Downtown,Sunday,16.6,0.0,0,142,1067.15
2025-04-13,University,Sunday,16.6,0.0,0,58,413.94
2025-04-13,Riverside,Sunday,16.6,0.0,0,81,559.46
2025-04-14,Downtown,Monday,10.2,0.0,0,102,723.41
2025-04-14,University,Monday,10.2,0.0,0,73,546.4
2025-04-14,Riverside,Monday,10.2,0.0,0,59,452.96
2025-04-15,Downtown,Tuesday,11.3,0.0,0,106,759.4
2025-04-15,University,Tuesday,11.3,0.0,0,86,607.92
2025-04-15,Riverside,Tuesday,11.3,0.0,0,63,461.94
2025-04-16,Downtown,Wednesday,6.4,0.0,0,107,782.52
2025-04-16,University,Wednesday,6.4,0.0,0,86,617.04
2025-04-16,Riverside,Wednesday,6.4,0.0,0,62,443.73
2025-04-17,Downtown,Thursday,13.9,0.0,0,103,784.34
2025-04-17,University,Thursday,13.9,0.0,0,90,630.97
2025-04-17,Riverside,Thursday,13.9,0.0,0,69,467.06
2025-04-18,Downtown,Friday,5.6,0.0,0,110,819.26
2025-04-18,University,Friday,5.6,0.0,0,72,548.32
2025-04-18,Riverside,Friday,5.6,0.0,0,63,468.37
2025-04-19,Downtown,Saturday,11.4,0.0,0,120,897.03
2025-04-19,University,Saturday,11.4,0.0,0,52,388.74
2025-04-19,Riverside,Saturday,11.4,0.0,0,74,568.15
2025-04-20,Downtown,Sunday,14.4,10.9,0,108,765.69
2025-04-20,University,Sunday,14.4,10.9,0,60,411.11
2025-04-20,Riverside,Sunday,14.4,10.9,0,65,469.33
2025-04-21,Downtown,Monday,17.3,0.0,0,96,703.66
2025-04-21,University,Monday,17.3,0.0,0,79,576.66
2025-04-21,Riverside,Monday,17.3,0.0,0,65,496.19
2025-04-22,Downtown,Tuesday,18.2,2.5,0,112,831.98
2025-04-22,University,Tuesday,18.2,2.5,0,83,610.93
2025-04-22,Riverside,Tuesday,18.2,2.5,0,56,435.67
2025-04-23,Downtown,Wednesday,13.5,0.0,0,99,758.94
2025-04-23,University,Wednesday,13.5,0.0,0,76,564.71
2025-04-23,Riverside,Wednesday,13.5,0.0,0,58,443.4
2025-04-24,Downtown,Thursday,7.3,2.3,0,103,715.54
2025-04-24,University,Thursday,7.3,2.3,0,79,589.12
2025-04-24,Riverside,Thursday,7.3,2.3,0,58,420.74
2025-04-25,Downtown,Friday,11.6,0.0,0,110,770.57
2025-04-25,University,Friday,11.6,0.0,0,90,655.96
2025-04-25,Riverside,Friday,11.6,0.0,0,57,427.45
2025-04-26,Downtown,Saturday,13.2,0.0,0,133,1022.97
2025-04-26,University,Saturday,13.2,0.0,0,59,445.2
2025-04-26,Riverside,Saturday,13.2,0.0,0,78,610.25
2025-04-27,Downtown,Sunday,10.8,0.0,0,119,874.17
2025-04-27,University,Sunday,10.8,0.0,0,51,403.04
2025-04-27,Riverside,Sunday,10.8,0.0,0,69,512.96
2025-04-28,Downtown,Monday,13.3,0.0,0,116,836.14
2025-04-28,University,Monday,13.3,0.0,0,82,617.4
2025-04-28,Riverside,Monday,13.3,0.0,0,62,431.76
2025-04-29,Downtown,Tuesday,14.9,19.0,0,81,581.63
2025-04-29,University,Tuesday,14.9,19.0,0,70,527.73
2025-04-29,Riverside,Tuesday,14.9,19.0,0,47,354.64
2025-04-30,Downtown,Wednesday,14.1,1.8,0,106,810.32
2025-04-30,University,Wednesday,14.1,1.8,0,83,601.06
2025-04-30,Riverside,Wednesday,14.1,1.8,0,64,471.31
2025-05-01,Downtown,Thursday,14.1,0.0,1,122,860.14
2025-05-01,University,Thursday,14.1,0.0,1,86,640.02
2025-05-01,Riverside,Thursday,14.1,0.0,1,69,496.07
2025-05-02,Downtown,Friday,14.7,0.0,0,111,814.38
2025-05-02,University,Friday,14.7,0.0,0,80,598.14
2025-05-02,Riverside,Friday,14.7,0.0,0,57,427.65
2025-05-03,Downtown,Saturday,13.5,2.3,0,143,1049.06
2025-05-03,University,Saturday,13.5,2.3,0,59,434.67
2025-05-03,Riverside,Saturday,13.5,2.3,0,70,515.28
2025-05-04,Downtown,Sunday,17.3,3.2,0,140,1024.32
2025-05-04,University,Sunday,17.3,3.2,0,58,424.76
2025-05-04,Riverside,Sunday,17.3,3.2,0,85,615.88
2025-05-05,Downtown,Monday,18.7,0.0,0,120,851.38
2025-05-05,University,Monday,18.7,0.0,0,87,649.07
2025-05-05,Riverside,Monday,18.7,0.0,0,71,481.36
2025-05-06,Downtown,Tuesday,15.0,3.8,0,103,772.85
2025-05-06,University,Tuesday,15.0,3.8,0,77,566.27
2025-05-06,Riverside,Tuesday,15.0,3.8,0,55,407.75
2025-05-07,Downtown,Wednesday,17.4,5.7,0,104,749.33
2025-05-07,University,Wednesday,17.4,5.7,0,81,569.08
2025-05-07,Riverside,Wednesday,17.4,5.7,0,53,398.54
2025-05-08,Downtown,Thursday,11.5,0.0,0,92,677.56
2025-05-08,University,Thursday,11.5,0.0,0,73,541.11
2025-05-08,Riverside,Thursday,11.5,0.0,0,58,430.57
2025-05-09,Downtown,Friday,12.7,0.0,0,96,716.59
2025-05-09,University,Friday,12.7,0.0,0,76,566.59
2025-05-09,Riverside,Friday,12.7,0.0,0,57,435.51
2025-05-10,Downtown,Saturday,13.8,0.0,0,134,1005.37
2025-05-10,University,Saturday,13.8,0.0,0,53,398.2
2025-05-10,Riverside,Saturday,13.8,0.0,0,83,588.5
2025-05-11,Downtown,Sunday,17.8,0.0,1,169,1288.86
2025-05-11,University,Sunday,17.8,0.0,1,58,460.36
2025-05-11,Riverside,Sunday,17.8,0.0,1,81,608.92
2025-05-12,Downtown,Monday,13.4,0.0,0,112,837.15
2025-05-12,University,Monday,13.4,0.0,0,78,570.2
2025-05-12,Riverside,Monday,13.4,0.0,0,65,457.02
2025-05-13,Downtown,Tuesday,23.4,0.0,0,116,841.09
2025-05-13,University,Tuesday,23.4,0.0,0,99,687.18
2025-05-13,Riverside,Tuesday,23.4,0.0,0,58,435.82
2025-05-14,Downtown,Wednesday,12.6,6.7,1,121,860.27
2025-05-14,University,Wednesday,12.6,6.7,1,79,587.87
2025-05-14,Riverside,Wednesday,12.6,6.7,1,60,453.19
2025-05-15,Downtown,Thursday,13.0,0.0,0,98,698.55
2025-05-15,University,Thursday,13.0,0.0,0,74,566.87
2025-05-15,Riverside,Thursday,13.0,0.0,0,56,409.2
2025-05-16,Downtown,Friday,13.2,3.1,0,101,738.66
2025-05-16,University,Friday,13.2,3.1,0,73,531.75
2025-05-16,Riverside,Friday,13.2,3.1,0,60,443.82
2025-05-17,Downtown,Saturday,14.7,0.0,1,149,1133.32
2025-05-17,University,Saturday,14.7,0.0,1,76,545.04
2025-05-17,Riverside,Saturday,14.7,0.0,1,81,617.02
2025-05-18,Downtown,Sunday,12.4,2.7,1,135,993.04
2025-05-18,University,Sunday,12.4,2.7,1,66,497.29
2025-05-18,Riverside,Sunday,12.4,2.7,1,75,580.57
2025-05-19,Downtown,Monday,15.6,0.0,0,113,837.89
2025-05-19,University,Monday,15.6,0.0,0,92,626.33
2025-05-19,Riverside,Monday,15.6,0.0,0,68,478.15
2025-05-20,Downtown,Tuesday,15.6,0.0,0,103,793.04
2025-05-20,University,Tuesday,15.6,0.0,0,71,559.22
2025-05-20,Riverside,Tuesday,15.6,0.0,0,58,423.42
2025-05-21,Downtown,Wednesday,19.3,0.0,0,106,782.72
2025-05-21,University,Wednesday,19.3,0.0,0,86,627.68
2025-05-21,Riverside,Wednesday,19.3,0.0,0,69,477.25
2025-05-22,Downtown,Thursday,15.9,0.0,0,109,817.08
2025-05-22,University,Thursday,15.9,0.0,0,81,629.13
2025-05-22,Riverside,Thursday,15.9,0.0,0,56,426.2
2025-05-23,Downtown,Friday,17.5,2.8,0,113,849.04
2025-05-23,University,Friday,17.5,2.8,0,83,614.47
2025-05-23,Riverside,Friday,17.5,2.8,0,61,447.59
2025-05-24,Downtown,Saturday,14.5,1.7,0,135,959.81
2025-05-24,University,Saturday,14.5,1.7,0,54,407.33
2025-05-24,Riverside,Saturday,14.5,1.7,0,69,522.95
2025-05-25,Downtown,Sunday,11.0,2.4,0,120,853.2
2025-05-25,University,Sunday,11.0,2.4,0,51,389.7
2025-05-25,Riverside,Sunday,11.0,2.4,0,78,536.87
2025-05-26,Downtown,Monday,19.4,0.0,0,111,815.52
2025-05-26,University,Monday,19.4,0.0,0,80,605.11
2025-05-26,Riverside,Monday,19.4,0.0,0,58,429.95
2025-05-27,Downtown,Tuesday,18.1,0.0,0,116,808.77
2025-05-27,University,Tuesday,18.1,0.0,0,81,611.52
2025-05-27,Riverside,Tuesday,18.1,0.0,0,70,496.48
2025-05-28,Downtown,Wednesday,16.4,0.0,0,121,864.59
2025-05-28,University,Wednesday,16.4,0.0,0,80,594.96
2025-05-28,Riverside,Wednesday,16.4,0.0,0,59,447.82
2025-05-29,Downtown,Thursday,22.6,0.0,0,112,856.37
2025-05-29,University,Thursday,22.6,0.0,0,94,659.76
2025-05-29,Riverside,Thursday,22.6,0.0,0,67,464.6
2025-05-30,Downtown,Friday,17.6,0.0,0,104,770.54
2025-05-30,University,Friday,17.6,0.0,0,100,704.31
2025-05-30,Riverside,Friday,17.6,0.0,0,63,465.42
2025-05-31,Downtown,Saturday,22.4,0.0,0,142,1052.95
2025-05-31,University,Saturday,22.4,0.0,0,61,441.71
2025-05-31,Riverside,Saturday,22.4,0.0,0,73,536.95
2025-06-01,Downtown,Sunday,18.8,0.0,0,133,982.65
2025-06-01,University,Sunday,18.8,0.0,0,58,431.82
2025-06-01,Riverside,Sunday,18.8,0.0,0,79,615.57
2025-06-02,Downtown,Monday,21.0,3.1,0,114,840.55
2025-06-02,University,Monday,21.0,3.1,0,74,529.36
2025-06-02,Riverside,Monday,21.0,3.1,0,59,445.3
2025-06-03,Downtown,Tuesday,20.3,0.0,0,97,748.16
2025-06-03,University,Tuesday,20.3,0.0,0,77,546.62
2025-06-03,Riverside,Tuesday,20.3,0.0,0,65,495.16
2025-06-04,Downtown,Wednesday,21.9,3.0,0,104,772.68
2025-06-04,University,Wednesday,21.9,3.0,0,82,588.65
2025-06-04,Riverside,Wednesday,21.9,3.0,0,60,435.99
2025-06-05,Downtown,Thursday,17.5,0.0,0,116,881.64
2025-06-05,University,Thursday,17.5,0.0,0,85,645.75
2025-06-05,Riverside,Thursday,17.5,0.0,0,59,448.01
2025-06-06,Downtown,Friday,16.0,0.0,0,107,741.22
2025-06-06,University,Friday,16.0,0.0,0,84,616.14
2025-06-06,Riverside,Friday,16.0,0.0,0,59,440.91
2025-06-07,Downtown,Saturday,17.2,8.2,0,113,850.79
2025-06-07,University,Saturday,17.2,8.2,0,51,382.65
2025-06-07,Riverside,Saturday,17.2,8.2,0,58,471.29
2025-06-08,Downtown,Sunday,21.7,13.2,0,128,909.41
2025-06-08,University,Sunday,21.7,13.2,0,52,380.98
2025-06-08,Riverside,Sunday,21.7,13.2,0,72,499.73
2025-06-09,Downtown,Monday,18.6,0.0,1,127,909.37
2025-06-09,University,Monday,18.6,0.0,1,93,688.25
2025-06-09,Riverside,Monday,18.6,0.0,1,76,542.09
2025-06-10,Downtown,Tuesday,20.6,0.0,0,113,834.1
2025-06-10,University,Tuesday,20.6,0.0,0,88,645.12
2025-06-10,Riverside,Tuesday,20.6,0.0,0,62,473.47
2025-06-11,Downtown,Wednesday,22.7,0.0,0,97,752.9
2025-06-11,University,Wednesday,22.7,0.0,0,78,603.42
2025-06-11,Riverside,Wednesday,22.7,0.0,0,64,472.15
2025-06-12,Downtown,Thursday,24.3,7.3,0,107,800.79
2025-06-12,University,Thursday,24.3,7.3,0,73,549.8
2025-06-12,Riverside,Thursday,24.3,7.3,0,61,438.72
2025-06-13,Downtown,Friday,19.2,0.0,1,126,859.13
2025-06-13,University,Friday,19.2,0.0,1,91,648.49
2025-06-13,Riverside,Friday,19.2,0.0,1,71,529.65
2025-06-14,Downtown,Saturday,23.2,0.0,0,137,1003.12
2025-06-14,University,Saturday,23.2,0.0,0,63,440.39
2025-06-14,Riverside,Saturday,23.2,0.0,0,76,553.56
2025-06-15,Downtown,Sunday,24.1,0.4,0,135,978.22
2025-06-15,University,Sunday,24.1,0.4,0,61,463.27
2025-06-15,Riverside,Sunday,24.1,0.4,0,87,641.27
2025-06-16,Downtown,Monday,20.8,5.2,0,109,809.93
2025-06-16,University,Monday,20.8,5.2,0,79,548.27
2025-06-16,Riverside,Monday,20.8,5.2,0,60,430.12
2025-06-17,Downtown,Tuesday,19.0,0.0,1,120,889.16
2025-06-17,University,Tuesday,19.0,0.0,1,102,793.46
2025-06-17,Riverside,Tuesday,19.0,0.0,1,72,521.25
2025-06-18,Downtown,Wednesday,13.7,0.0,0,107,817.4
2025-06-18,University,Wednesday,13.7,0.0,0,90,632.78
2025-06-18,Riverside,Wednesday,13.7,0.0,0,56,427.4
2025-06-19,Downtown,Thursday,25.1,4.7,0,97,740.42
2025-06-19,University,Thursday,25.1,4.7,0,85,650.0
2025-06-19,Riverside,Thursday,25.1,4.7,0,70,504.78
2025-06-20,Downtown,Friday,17.1,5.8,0,103,745.6
2025-06-20,University,Friday,17.1,5.8,0,77,528.47
2025-06-20,Riverside,Friday,17.1,5.8,0,64,458.42
2025-06-21,Downtown,Saturday,23.7,7.8,0,132,982.94
2025-06-21,University,Saturday,23.7,7.8,0,52,392.49
2025-06-21,Riverside,Saturday,23.7,7.8,0,81,596.89
2025-06-22,Downtown,Sunday,27.1,0.0,1,164,1253.29
2025-06-22,University,Sunday,27.1,0.0,1,66,473.81
2025-06-22,Riverside,Sunday,27.1,0.0,1,85,623.7
2025-06-23,Downtown,Monday,20.7,0.0,0,132,952.28
2025-06-23,University,Monday,20.7,0.0,0,82,625.86
2025-06-23,Riverside,Monday,20.7,0.0,0,63,439.93
2025-06-24,Downtown,Tuesday,20.9,18.7,0,85,663.05
2025-06-24,University,Tuesday,20.9,18.7,0,67,494.95
2025-06-24,Riverside,Tuesday,20.9,18.7,0,50,377.96
2025-06-25,Downtown,Wednesday,23.5,0.0,0,124,881.58
2025-06-25,University,Wednesday,23.5,0.0,0,81,563.32
2025-06-25,Riverside,Wednesday,23.5,0.0,0,63,482.2
2025-06-26,Downtown,Thursday,20.0,0.0,0,117,880.53
2025-06-26,University,Thursday,20.0,0.0,0,93,669.7
2025-06-26,Riverside,Thursday,20.0,0.0,0,66,477.67
2025-06-27,Downtown,Friday,17.9,2.4,0,107,758.04
2025-06-27,University,Friday,17.9,2.4,0,83,603.67
2025-06-27,Riverside,Friday,17.9,2.4,0,62,441.88
2025-06-28,Downtown,Saturday,20.8,0.0,0,147,1109.84
2025-06-28,University,Saturday,20.8,0.0,0,64,473.45
2025-06-28,Riverside,Saturday,20.8,0.0,0,78,580.38
2025-06-29,Downtown,Sunday,22.7,0.0,0,144,1087.44
2025-06-29,University,Sunday,22.7,0.0,0,57,439.26
2025-06-29,Riverside,Sunday,22.7,0.0,0,73,562.04
2025-06-30,Downtown,Monday,25.2,0.0,1,122,896.06
2025-06-30,University,Monday,25.2,0.0,1,82,649.23
2025-06-30,Riverside,Monday,25.2,0.0,1,72,513.61
2025-07-01,Downtown,Tuesday,24.6,0.0,0,115,871.18
2025-07-01,University,Tuesday,24.6,0.0,0,60,405.71
2025-07-01,Riverside,Tuesday,24.6,0.0,0,68,472.22
2025-07-02,Downtown,Wednesday,20.3,0.0,0,112,863.26
2025-07-02,University,Wednesday,20.3,0.0,0,61,476.72
2025-07-02,Riverside,Wednesday,20.3,0.0,0,62,477.27
2025-07-03,Downtown,Thursday,21.9,0.0,0,111,851.46
2025-07-03,University,Thursday,21.9,0.0,0,57,442.58
2025-07-03,Riverside,Thursday,21.9,0.0,0,66,496.07
2025-07-04,Downtown,Friday,19.2,0.0,0,114,856.68
2025-07-04,University,Friday,19.2,0.0,0,52,402.28
2025-07-04,Riverside,Friday,19.2,0.0,0,65,474.96
2025-07-05,Downtown,Saturday,20.1,0.0,0,147,1071.82
2025-07-05,University,Saturday,20.1,0.0,0,44,325.55
2025-07-05,Riverside,Saturday,20.1,0.0,0,79,590.7
2025-07-06,Downtown,Sunday,19.9,0.0,0,142,1047.78
2025-07-06,University,Sunday,19.9,0.0,0,43,318.85
2025-07-06,Riverside,Sunday,19.9,0.0,0,84,612.12
2025-07-07,Downtown,Monday,21.4,4.2,0,113,776.7
2025-07-07,University,Monday,21.4,4.2,0,52,389.73
2025-07-07,Riverside,Monday,21.4,4.2,0,70,501.58
2025-07-08,Downtown,Tuesday,20.5,0.0,0,108,807.27
2025-07-08,University,Tuesday,20.5,0.0,0,61,444.94
2025-07-08,Riverside,Tuesday,20.5,0.0,0,53,407.36
2025-07-09,Downtown,Wednesday,20.5,0.0,0,111,847.27
2025-07-09,University,Wednesday,20.5,0.0,0,61,444.09
2025-07-09,Riverside,Wednesday,20.5,0.0,0,60,450.33
2025-07-10,Downtown,Thursday,27.1,0.0,0,110,879.25
2025-07-10,University,Thursday,27.1,0.0,0,61,477.17
2025-07-10,Riverside,Thursday,27.1,0.0,0,58,448.17
2025-07-11,Downtown,Friday,23.3,0.0,0,123,937.64
2025-07-11,University,Friday,23.3,0.0,0,61,462.03
2025-07-11,Riverside,Friday,23.3,0.0,0,62,483.64
2025-07-12,Downtown,Saturday,23.4,0.0,0,153,1171.45
2025-07-12,University,Saturday,23.4,0.0,0,43,313.46
2025-07-12,Riverside,Saturday,23.4,0.0,0,78,579.28
2025-07-13,Downtown,Sunday,24.2,0.0,0,134,994.66
2025-07-13,University,Sunday,24.2,0.0,0,43,322.06
2025-07-13,Riverside,Sunday,24.2,0.0,0,85,633.67
2025-07-14,Downtown,Monday,21.9,0.4,0,116,840.87
2025-07-14,University,Monday,21.9,0.4,0,69,506.34
2025-07-14,Riverside,Monday,21.9,0.4,0,67,497.49
2025-07-15,Downtown,Tuesday,23.2,16.2,1,102,768.41
2025-07-15,University,Tuesday,23.2,16.2,1,65,463.61
2025-07-15,Riverside,Tuesday,23.2,16.2,1,66,462.46
2025-07-16,Downtown,Wednesday,22.5,3.5,0,120,849.61
2025-07-16,University,Wednesday,22.5,3.5,0,64,468.02
2025-07-16,Riverside,Wednesday,22.5,3.5,0,62,474.54
2025-07-17,Downtown,Thursday,18.5,0.0,0,103,772.52
2025-07-17,University,Thursday,18.5,0.0,0,66,459.91
2025-07-17,Riverside,Thursday,18.5,0.0,0,63,469.05
2025-07-18,Downtown,Friday,22.5,6.3,0,111,797.61
2025-07-18,University,Friday,22.5,6.3,0,58,441.53
2025-07-18,Riverside,Friday,22.5,6.3,0,63,465.12
2025-07-19,Downtown,Saturday,26.8,0.0,0,126,912.66
2025-07-19,University,Saturday,26.8,0.0,0,45,313.26
2025-07-19,Riverside,Saturday,26.8,0.0,0,79,578.09
2025-07-20,Downtown,Sunday,20.7,0.0,0,148,1124.09
2025-07-20,University,Sunday,20.7,0.0,0,44,318.14
2025-07-20,Riverside,Sunday,20.7,0.0,0,84,608.7
2025-07-21,Downtown,Monday,22.1,0.0,0,116,874.81
2025-07-21,University,Monday,22.1,0.0,0,62,455.93
2025-07-21,Riverside,Monday,22.1,0.0,0,60,454.2
2025-07-22,Downtown,Tuesday,22.7,0.0,0,108,821.8
2025-07-22,University,Tuesday,22.7,0.0,0,65,489.93
2025-07-22,Riverside,Tuesday,22.7,0.0,0,67,496.08
2025-07-23,Downtown,Wednesday,16.7,0.0,0,95,756.9
2025-07-23,University,Wednesday,16.7,0.0,0,65,464.15
2025-07-23,Riverside,Wednesday,16.7,0.0,0,61,460.74
2025-07-24,Downtown,Thursday,24.4,0.0,0,113,823.16
2025-07-24,University,Thursday,24.4,0.0,0,58,445.24
2025-07-24,Riverside,Thursday,24.4,0.0,0,57,450.68
2025-07-25,Downtown,Friday,21.6,0.0,0,116,835.23
2025-07-25,University,Friday,21.6,0.0,0,66,495.14
2025-07-25,Riverside,Friday,21.6,0.0,0,67,493.28
2025-07-26,Downtown,Saturday,24.8,0.4,0,134,1033.41
2025-07-26,University,Saturday,24.8,0.4,0,42,312.19
2025-07-26,Riverside,Saturday,24.8,0.4,0,82,620.37
2025-07-27,Downtown,Sunday,19.2,0.0,0,134,974.67
2025-07-27,University,Sunday,19.2,0.0,0,44,302.15
2025-07-27,Riverside,Sunday,19.2,0.0,0,80,578.48
2025-07-28,Downtown,Monday,23.9,0.0,0,113,800.34
2025-07-28,University,Monday,23.9,0.0,0,62,455.47
2025-07-28,Riverside,Monday,23.9,0.0,0,69,498.21
2025-07-29,Downtown,Tuesday,24.5,0.0,0,108,801.36
2025-07-29,University,Tuesday,24.5,0.0,0,59,442.19
2025-07-29,Riverside,Tuesday,24.5,0.0,0,72,533.48
2025-07-30,Downtown,Wednesday,19.2,3.6,0,111,810.46
2025-07-30,University,Wednesday,19.2,3.6,0,56,419.08
2025-07-30,Riverside,Wednesday,19.2,3.6,0,61,435.96
2025-07-31,Downtown,Thursday,18.1,0.0,0,116,840.69
2025-07-31,University,Thursday,18.1,0.0,0,57,439.69
2025-07-31,Riverside,Thursday,18.1,0.0,0,68,506.75
2025-08-01,Downtown,Friday,19.0,0.0,0,111,803.87
2025-08-01,University,Friday,19.0,0.0,0,60,431.58
2025-08-01,Riverside,Friday,19.0,0.0,0,66,472.77
2025-08-02,Downtown,Saturday,20.5,0.0,0,126,938.18
2025-08-02,University,Saturday,20.5,0.0,0,44,337.67
2025-08-02,Riverside,Saturday,20.5,0.0,0,81,599.0
2025-08-03,Downtown,Sunday,20.0,0.0,0,145,1105.18
2025-08-03,University,Sunday,20.0,0.0,0,44,322.3
2025-08-03,Riverside,Sunday,20.0,0.0,0,78,593.06
2025-08-04,Downtown,Monday,26.3,2.5,1,119,896.32
2025-08-04,University,Monday,26.3,2.5,1,71,524.14
2025-08-04,Riverside,Monday,26.3,2.5,1,70,523.14
2025-08-05,Downtown,Tuesday,19.4,5.1,0,95,735.62
2025-08-05,University,Tuesday,19.4,5.1,0,51,401.49
2025-08-05,Riverside,Tuesday,19.4,5.1,0,59,432.87
2025-08-06,Downtown,Wednesday,24.2,0.0,0,103,765.79
2025-08-06,University,Wednesday,24.2,0.0,0,69,509.53
2025-08-06,Riverside,Wednesday,24.2,0.0,0,64,479.36
2025-08-07,Downtown,Thursday,28.3,9.1,0,103,725.1
2025-08-07,University,Thursday,28.3,9.1,0,59,443.47
2025-08-07,Riverside,Thursday,28.3,9.1,0,56,426.75
2025-08-08,Downtown,Friday,15.6,0.0,0,94,706.86
2025-08-08,University,Friday,15.6,0.0,0,62,477.76
2025-08-08,Riverside,Friday,15.6,0.0,0,65,484.75
2025-08-09,Downtown,Saturday,21.3,0.0,0,143,1035.06
2025-08-09,University,Saturday,21.3,0.0,0,49,322.37
2025-08-09,Riverside,Saturday,21.3,0.0,0,79,590.9
2025-08-10,Downtown,Sunday,18.5,0.0,0,137,987.28
2025-08-10,University,Sunday,18.5,0.0,0,43,334.74
2025-08-10,Riverside,Sunday,18.5,0.0,0,79,594.7
2025-08-11,Downtown,Monday,16.6,0.8,0,117,810.94
2025-08-11,University,Monday,16.6,0.8,0,58,446.01
2025-08-11,Riverside,Monday,16.6,0.8,0,62,459.48
2025-08-12,Downtown,Tuesday,15.9,1.7,0,105,781.21
2025-08-12,University,Tuesday,15.9,1.7,0,66,453.83
2025-08-12,Riverside,Tuesday,15.9,1.7,0,59,447.81
2025-08-13,Downtown,Wednesday,17.5,0.0,0,122,885.93
2025-08-13,University,Wednesday,17.5,0.0,0,63,479.76
2025-08-13,Riverside,Wednesday,17.5,0.0,0,66,480.42
2025-08-14,Downtown,Thursday,20.2,0.0,0,112,828.87
2025-08-14,University,Thursday,20.2,0.0,0,58,445.34
2025-08-14,Riverside,Thursday,20.2,0.0,0,64,484.59
2025-08-15,Downtown,Friday,25.3,9.8,1,105,810.47
2025-08-15,University,Friday,25.3,9.8,1,64,486.16
2025-08-15,Riverside,Friday,25.3,9.8,1,62,462.65
2025-08-16,Downtown,Saturday,20.5,0.0,0,118,861.21
2025-08-16,University,Saturday,20.5,0.0,0,40,308.81
2025-08-16,Riverside,Saturday,20.5,0.0,0,84,605.71
2025-08-17,Downtown,Sunday,18.4,0.0,0,136,1002.6
2025-08-17,University,Sunday,18.4,0.0,0,41,286.7
2025-08-17,Riverside,Sunday,18.4,0.0,0,82,619.33
2025-08-18,Downtown,Monday,20.3,0.0,0,116,849.46
2025-08-18,University,Monday,20.3,0.0,0,64,447.32
2025-08-18,Riverside,Monday,20.3,0.0,0,66,510.3
2025-08-19,Downtown,Tuesday,15.6,0.0,0,108,784.25
2025-08-19,University,Tuesday,15.6,0.0,0,56,406.11
2025-08-19,Riverside,Tuesday,15.6,0.0,0,67,496.56
2025-08-20,Downtown,Wednesday,23.5,0.0,0,115,863.14
2025-08-20,University,Wednesday,23.5,0.0,0,75,552.54
2025-08-20,Riverside,Wednesday,23.5,0.0,0,71,480.32
2025-08-21,Downtown,Thursday,26.7,1.8,0,115,842.36
2025-08-21,University,Thursday,26.7,1.8,0,60,443.71
2025-08-21,Riverside,Thursday,26.7,1.8,0,61,457.48
2025-08-22,Downtown,Friday,19.4,0.0,0,107,802.84
2025-08-22,University,Friday,19.4,0.0,0,64,488.21
2025-08-22,Riverside,Friday,19.4,0.0,0,69,512.64
2025-08-23,Downtown,Saturday,25.1,2.6,0,136,987.52
2025-08-23,University,Saturday,25.1,2.6,0,41,295.58
2025-08-23,Riverside,Saturday,25.1,2.6,0,89,654.71
2025-08-24,Downtown,Sunday,17.7,0.0,0,134,1039.99
2025-08-24,University,Sunday,17.7,0.0,0,46,345.73
2025-08-24,Riverside,Sunday,17.7,0.0,0,79,568.73
2025-08-25,Downtown,Monday,13.5,4.3,0,99,702.4
2025-08-25,University,Monday,13.5,4.3,0,62,463.94
2025-08-25,Riverside,Monday,13.5,4.3,0,58,442.85
2025-08-26,Downtown,Tuesday,20.7,0.0,0,122,885.26
2025-08-26,University,Tuesday,20.7,0.0,0,59,448.62
2025-08-26,Riverside,Tuesday,20.7,0.0,0,66,486.32
2025-08-27,Downtown,Wednesday,20.5,0.0,0,107,774.33
2025-08-27,University,Wednesday,20.5,0.0,0,61,427.18
2025-08-27,Riverside,Wednesday,20.5,0.0,0,61,471.72
2025-08-28,Downtown,Thursday,23.2,0.0,0,106,806.17
2025-08-28,University,Thursday,23.2,0.0,0,64,478.4
2025-08-28,Riverside,Thursday,23.2,0.0,0,68,488.9
2025-08-29,Downtown,Friday,23.7,13.3,1,98,725.98
2025-08-29,University,Friday,23.7,13.3,1,61,467.71
2025-08-29,Riverside,Friday,23.7,13.3,1,62,458.74
2025-08-30,Downtown,Saturday,16.1,2.8,0,139,1010.17
2025-08-30,University,Saturday,16.1,2.8,0,40,310.75
2025-08-30,Riverside,Saturday,16.1,2.8,0,74,547.28
2025-08-31,Downtown,Sunday,17.6,0.0,0,128,932.52
2025-08-31,University,Sunday,17.6,0.0,0,46,341.66
2025-08-31,Riverside,Sunday,17.6,0.0,0,87,633.4
2025-09-01,Downtown,Monday,17.4,0.0,0,107,821.89
2025-09-01,University,Monday,17.4,0.0,0,92,715.1
2025-09-01,Riverside,Monday,17.4,0.0,0,71,494.6
2025-09-02,Downtown,Tuesday,16.2,13.0,1,104,747.58
2025-09-02,University,Tuesday,16.2,13.0,1,80,581.66
2025-09-02,Riverside,Tuesday,16.2,13.0,1,63,438.57
2025-09-03,Downtown,Wednesday,17.7,0.0,0,129,909.54
2025-09-03,University,Wednesday,17.7,0.0,0,82,592.82
2025-09-03,Riverside,Wednesday,17.7,0.0,0,65,493.64
2025-09-04,Downtown,Thursday,19.5,0.0,0,110,777.63
2025-09-04,University,Thursday,19.5,0.0,0,82,646.65
2025-09-04,Riverside,Thursday,19.5,0.0,0,57,450.57
2025-09-05,Downtown,Friday,21.8,7.1,0,107,777.09
2025-09-05,University,Friday,21.8,7.1,0,76,578.77
2025-09-05,Riverside,Friday,21.8,7.1,0,73,515.01
2025-09-06,Downtown,Saturday,19.4,2.3,0,143,1071.61
2025-09-06,University,Saturday,19.4,2.3,0,58,414.74
2025-09-06,Riverside,Saturday,19.4,2.3,0,77,581.1
2025-09-07,Downtown,Sunday,19.4,0.0,0,156,1095.9
2025-09-07,University,Sunday,19.4,0.0,0,70,500.66
2025-09-07,Riverside,Sunday,19.4,0.0,0,81,607.81
2025-09-08,Downtown,Monday,19.1,16.7,0,86,610.3
2025-09-08,University,Monday,19.1,16.7,0,81,602.42
2025-09-08,Riverside,Monday,19.1,16.7,0,60,430.62
2025-09-09,Downtown,Tuesday,16.4,0.0,0,115,787.54
2025-09-09,University,Tuesday,16.4,0.0,0,94,696.08
2025-09-09,Riverside,Tuesday,16.4,0.0,0,62,471.02
2025-09-10,Downtown,Wednesday,12.7,0.0,1,113,799.33
2025-09-10,University,Wednesday,12.7,0.0,1,86,649.28
2025-09-10,Riverside,Wednesday,12.7,0.0,1,65,444.56
2025-09-11,Downtown,Thursday,20.2,0.0,0,113,834.87
2025-09-11,University,Thursday,20.2,0.0,0,103,714.26
2025-09-11,Riverside,Thursday,20.2,0.0,0,64,471.45
2025-09-12,Downtown,Friday,22.3,3.7,0,110,774.42
2025-09-12,University,Friday,22.3,3.7,0,79,571.5
2025-09-12,Riverside,Friday,22.3,3.7,0,69,494.68
2025-09-13,Downtown,Saturday,24.0,0.0,0,125,962.65
2025-09-13,University,Saturday,24.0,0.0,0,61,470.99
2025-09-13,Riverside,Saturday,24.0,0.0,0,89,655.46
2025-09-14,Downtown,Sunday,22.0,0.8,0,144,1038.78
2025-09-14,University,Sunday,22.0,0.8,0,59,442.16
2025-09-14,Riverside,Sunday,22.0,0.8,0,85,639.23
2025-09-15,Downtown,Monday,18.8,0.0,0,114,852.7
2025-09-15,University,Monday,18.8,0.0,0,87,625.23
2025-09-15,Riverside,Monday,18.8,0.0,0,62,471.33
2025-09-16,Downtown,Tuesday,20.3,0.0,0,119,860.86
2025-09-16,University,Tuesday,20.3,0.0,0,82,587.37
2025-09-16,Riverside,Tuesday,20.3,0.0,0,68,498.76
2025-09-17,Downtown,Wednesday,19.1,0.0,0,103,761.77
2025-09-17,University,Wednesday,19.1,0.0,0,86,630.27
2025-09-17,Riverside,Wednesday,19.1,0.0,0,72,510.63
2025-09-18,Downtown,Thursday,15.3,8.7,0,100,711.6
2025-09-18,University,Thursday,15.3,8.7,0,74,526.94
2025-09-18,Riverside,Thursday,15.3,8.7,0,52,416.09
2025-09-19,Downtown,Friday,14.7,0.0,1,108,842.46
2025-09-19,University,Friday,14.7,0.0,1,86,632.63
2025-09-19,Riverside,Friday,14.7,0.0,1,73,532.29
2025-09-20,Downtown,Saturday,16.7,0.0,0,135,992.26
2025-09-20,University,Saturday,16.7,0.0,0,64,482.69
2025-09-20,Riverside,Saturday,16.7,0.0,0,79,582.36
2025-09-21,Downtown,Sunday,10.8,0.0,0,157,1140.64
2025-09-21,University,Sunday,10.8,0.0,0,54,411.92
2025-09-21,Riverside,Sunday,10.8,0.0,0,75,575.92
2025-09-22,Downtown,Monday,19.7,0.0,0,109,814.29
2025-09-22,University,Monday,19.7,0.0,0,86,649.11
2025-09-22,Riverside,Monday,19.7,0.0,0,70,514.94
2025-09-23,Downtown,Tuesday,17.2,0.0,0,107,778.87
2025-09-23,University,Tuesday,17.2,0.0,0,84,621.84
2025-09-23,Riverside,Tuesday,17.2,0.0,0,72,510.16
2025-09-24,Downtown,Wednesday,14.0,7.1,0,119,881.69
2025-09-24,University,Wednesday,14.0,7.1,0,71,525.26
2025-09-24,Riverside,Wednesday,14.0,7.1,0,57,437.29
2025-09-25,Downtown,Thursday,19.6,3.1,0,102,749.87
2025-09-25,University,Thursday,19.6,3.1,0,83,600.39
2025-09-25,Riverside,Thursday,19.6,3.1,0,72,507.1
2025-09-26,Downtown,Friday,14.9,0.0,1,116,881.54
2025-09-26,University,Friday,14.9,0.0,1,106,799.24
2025-09-26,Riverside,Friday,14.9,0.0,1,62,474.06
2025-09-27,Downtown,Saturday,12.5,3.1,0,129,893.42
2025-09-27,University,Saturday,12.5,3.1,0,53,394.97
2025-09-27,Riverside,Saturday,12.5,3.1,0,75,597.49
2025-09-28,Downtown,Sunday,12.1,1.8,0,134,987.96
2025-09-28,University,Sunday,12.1,1.8,0,57,408.77
2025-09-28,Riverside,Sunday,12.1,1.8,0,72,530.46
2025-09-29,Downtown,Monday,13.7,0.0,0,101,762.38
2025-09-29,University,Monday,13.7,0.0,0,87,654.46
2025-09-29,Riverside,Monday,13.7,0.0,0,61,430.24
2025-09-30,Downtown,Tuesday,16.0,0.3,0,111,801.93
2025-09-30,University,Tuesday,16.0,0.3,0,79,594.12
2025-09-30,Riverside,Tuesday,16.0,0.3,0,57,432.38
2025-10-01,Downtown,Wednesday,11.8,44.2,0,86,643.19
2025-10-01,University,Wednesday,11.8,44.2,0,71,514.95
2025-10-01,Riverside,Wednesday,11.8,44.2,0,52,387.7
2025-10-02,Downtown,Thursday,11.6,7.6,0,97,711.13
2025-10-02,University,Thursday,11.6,7.6,0,76,532.17
2025-10-02,Riverside,Thursday,11.6,7.6,0,52,390.43
2025-10-03,Downtown,Friday,16.6,9.5,0,105,781.28
2025-10-03,University,Friday,16.6,9.5,0,86,595.48
2025-10-03,Riverside,Friday,16.6,9.5,0,63,461.18
2025-10-04,Downtown,Saturday,15.8,0.0,0,132,980.86
2025-10-04,University,Saturday,15.8,0.0,0,59,430.03
2025-10-04,Riverside,Saturday,15.8,0.0,0,82,621.23
2025-10-05,Downtown,Sunday,12.2,0.0,0,133,997.11
2025-10-05,University,Sunday,12.2,0.0,0,60,430.47
2025-10-05,Riverside,Sunday,12.2,0.0,0,71,555.05
2025-10-06,Downtown,Monday,13.0,0.0,1,105,808.98
2025-10-06,University,Monday,13.0,0.0,1,104,736.25
2025-10-06,Riverside,Monday,13.0,0.0,1,69,489.94
2025-10-07,Downtown,Tuesday,15.7,12.3,1,109,784.21
2025-10-07,University,Tuesday,15.7,12.3,1,75,591.48
2025-10-07,Riverside,Tuesday,15.7,12.3,1,53,386.97
2025-10-08,Downtown,Wednesday,17.0,0.0,0,111,815.05
2025-10-08,University,Wednesday,17.0,0.0,0,79,641.1
2025-10-08,Riverside,Wednesday,17.0,0.0,0,59,429.93
2025-10-09,Downtown,Thursday,19.3,7.7,0,100,733.97
2025-10-09,University,Thursday,19.3,7.7,0,84,603.49
2025-10-09,Riverside,Thursday,19.3,7.7,0,57,420.27
2025-10-10,Downtown,Friday,9.1,0.0,0,101,768.66
2025-10-10,University,Friday,9.1,0.0,0,85,609.63
2025-10-10,Riverside,Friday,9.1,0.0,0,59,454.0
2025-10-11,Downtown,Saturday,16.0,0.0,1,150,1105.03
2025-10-11,University,Saturday,16.0,0.0,1,66,502.37
2025-10-11,Riverside,Saturday,16.0,0.0,1,93,663.82
2025-10-12,Downtown,Sunday,12.7,10.9,0,130,972.46
2025-10-12,University,Sunday,12.7,10.9,0,53,406.43
2025-10-12,Riverside,Sunday,12.7,10.9,0,64,487.34
2025-10-13,Downtown,Monday,10.6,0.0,0,97,756.1
2025-10-13,University,Monday,10.6,0.0,0,85,627.07
2025-10-13,Riverside,Monday,10.6,0.0,0,58,437.28
2025-10-14,Downtown,Tuesday,14.9,0.0,0,117,851.03
2025-10-14,University,Tuesday,14.9,0.0,0,84,601.62
2025-10-14,Riverside,Tuesday,14.9,0.0,0,65,470.96
2025-10-15,Downtown,Wednesday,12.7,14.1,0,80,619.3
2025-10-15,University,Wednesday,12.7,14.1,0,74,520.86
2025-10-15,Riverside,Wednesday,12.7,14.1,0,49,361.61
2025-10-16,Downtown,Thursday,13.9,0.0,1,118,892.92
2025-10-16,University,Thursday,13.9,0.0,1,90,670.45
2025-10-16,Riverside,Thursday,13.9,0.0,1,80,604.66
2025-10-17,Downtown,Friday,11.0,0.0,1,107,837.1
2025-10-17,University,Friday,11.0,0.0,1,92,676.83
2025-10-17,Riverside,Friday,11.0,0.0,1,66,490.78
2025-10-18,Downtown,Saturday,9.3,0.0,0,124,965.29
2025-10-18,University,Saturday,9.3,0.0,0,49,369.74
2025-10-18,Riverside,Saturday,9.3,0.0,0,75,555.67
2025-10-19,Downtown,Sunday,10.6,0.0,0,132,972.73
2025-10-19,University,Sunday,10.6,0.0,0,57,431.58
2025-10-19,Riverside,Sunday,10.6,0.0,0,78,585.96
2025-10-20,Downtown,Monday,6.7,0.0,0,106,798.7
2025-10-20,University,Monday,6.7,0.0,0,84,623.32
2025-10-20,Riverside,Monday,6.7,0.0,0,61,470.57
2025-10-21,Downtown,Tuesday,7.4,0.0,1,109,810.33
2025-10-21,University,Tuesday,7.4,0.0,1,99,726.36
2025-10-21,Riverside,Tuesday,7.4,0.0,1,62,463.25
2025-10-22,Downtown,Wednesday,9.5,0.0,0,109,794.61
2025-10-22,University,Wednesday,9.5,0.0,0,83,589.13
2025-10-22,Riverside,Wednesday,9.5,0.0,0,61,440.89
2025-10-23,Downtown,Thursday,10.2,0.0,0,117,832.5
2025-10-23,University,Thursday,10.2,0.0,0,77,588.59
2025-10-23,Riverside,Thursday,10.2,0.0,0,67,487.41
2025-10-24,Downtown,Friday,12.4,0.0,0,100,754.93
2025-10-24,University,Friday,12.4,0.0,0,81,606.1
2025-10-24,Riverside,Friday,12.4,0.0,0,62,456.09
2025-10-25,Downtown,Saturday,15.3,8.1,0,122,876.93
2025-10-25,University,Saturday,15.3,8.1,0,47,357.72
2025-10-25,Riverside,Saturday,15.3,8.1,0,73,537.61
2025-10-26,Downtown,Sunday,10.7,0.0,0,137,932.45
2025-10-26,University,Sunday,10.7,0.0,0,62,449.45
2025-10-26,Riverside,Sunday,10.7,0.0,0,82,619.19
2025-10-27,Downtown,Monday,10.0,0.0,0,91,693.2
2025-10-27,University,Monday,10.0,0.0,0,74,583.62
2025-10-27,Riverside,Monday,10.0,0.0,0,69,488.9
2025-10-28,Downtown,Tuesday,7.7,2.2,0,104,779.02
2025-10-28,University,Tuesday,7.7,2.2,0,80,634.94
2025-10-28,Riverside,Tuesday,7.7,2.2,0,64,478.44
2025-10-29,Downtown,Wednesday,9.1,5.9,0,93,706.65
2025-10-29,University,Wednesday,9.1,5.9,0,83,583.05
2025-10-29,Riverside,Wednesday,9.1,5.9,0,63,459.04
2025-10-30,Downtown,Thursday,11.4,7.6,0,94,671.98
2025-10-30,University,Thursday,11.4,7.6,0,78,569.95
2025-10-30,Riverside,Thursday,11.4,7.6,0,59,453.24
2025-10-31,Downtown,Friday,9.7,0.0,0,102,772.45
2025-10-31,University,Friday,9.7,0.0,0,93,669.84
2025-10-31,Riverside,Friday,9.7,0.0,0,63,458.16
2025-11-01,Downtown,Saturday,11.3,0.0,0,131,953.4
2025-11-01,University,Saturday,11.3,0.0,0,60,430.72
2025-11-01,Riverside,Saturday,11.3,0.0,0,76,558.04
2025-11-02,Downtown,Sunday,9.3,0.0,1,130,1018.02
2025-11-02,University,Sunday,9.3,0.0,1,64,463.71
2025-11-02,Riverside,Sunday,9.3,0.0,1,80,621.62
2025-11-03,Downtown,Monday,2.6,0.0,0,102,729.51
2025-11-03,University,Monday,2.6,0.0,0,82,617.07
2025-11-03,Riverside,Monday,2.6,0.0,0,59,422.41
2025-11-04,Downtown,Tuesday,8.1,0.0,0,109,817.63
2025-11-04,University,Tuesday,8.1,0.0,0,81,608.08
2025-11-04,Riverside,Tuesday,8.1,0.0,0,59,454.2
2025-11-05,Downtown,Wednesday,9.6,0.0,0,111,818.84
2025-11-05,University,Wednesday,9.6,0.0,0,97,697.05
2025-11-05,Riverside,Wednesday,9.6,0.0,0,64,478.56
2025-11-06,Downtown,Thursday,5.8,0.0,1,115,827.87
2025-11-06,University,Thursday,5.8,0.0,1,98,706.11
2025-11-06,Riverside,Thursday,5.8,0.0,1,58,438.97
2025-11-07,Downtown,Friday,15.6,2.1,0,115,837.73
2025-11-07,University,Friday,15.6,2.1,0,82,598.27
2025-11-07,Riverside,Friday,15.6,2.1,0,63,458.3
2025-11-08,Downtown,Saturday,9.4,0.0,0,144,1018.83
2025-11-08,University,Saturday,9.4,0.0,0,58,452.39
2025-11-08,Riverside,Saturday,9.4,0.0,0,79,600.67
2025-11-09,Downtown,Sunday,7.9,2.3,0,120,921.34
2025-11-09,University,Sunday,7.9,2.3,0,54,408.92
2025-11-09,Riverside,Sunday,7.9,2.3,0,87,640.44
2025-11-10,Downtown,Monday,10.6,0.0,0,105,809.43
2025-11-10,University,Monday,10.6,0.0,0,91,654.63
2025-11-10,Riverside,Monday,10.6,0.0,0,58,456.16
2025-11-11,Downtown,Tuesday,6.0,0.0,1,111,801.09
2025-11-11,University,Tuesday,6.0,0.0,1,86,632.53
2025-11-11,Riverside,Tuesday,6.0,0.0,1,61,447.6
2025-11-12,Downtown,Wednesday,11.3,0.0,0,111,823.62
2025-11-12,University,Wednesday,11.3,0.0,0,81,599.68
2025-11-12,Riverside,Wednesday,11.3,0.0,0,62,443.76
2025-11-13,Downtown,Thursday,3.5,0.0,0,96,717.44
2025-11-13,University,Thursday,3.5,0.0,0,86,634.78
2025-11-13,Riverside,Thursday,3.5,0.0,0,64,460.92
2025-11-14,Downtown,Friday,12.1,0.0,0,112,827.57
2025-11-14,University,Friday,12.1,0.0,0,88,653.68
2025-11-14,Riverside,Friday,12.1,0.0,0,65,456.53
2025-11-15,Downtown,Saturday,12.8,0.0,0,129,1032.32
2025-11-15,University,Saturday,12.8,0.0,0,69,454.27
2025-11-15,Riverside,Saturday,12.8,0.0,0,78,578.83
2025-11-16,Downtown,Sunday,7.2,0.0,0,132,1015.78
2025-11-16,University,Sunday,7.2,0.0,0,65,455.96
2025-11-16,Riverside,Sunday,7.2,0.0,0,73,511.04
2025-11-17,Downtown,Monday,5.0,0.0,1,97,717.69
2025-11-17,University,Monday,5.0,0.0,1,93,669.34
2025-11-17,Riverside,Monday,5.0,0.0,1,65,483.61
2025-11-18,Downtown,Tuesday,0.5,0.0,0,102,741.94
2025-11-18,University,Tuesday,0.5,0.0,0,78,558.97
2025-11-18,Riverside,Tuesday,0.5,0.0,0,60,446.99
2025-11-19,Downtown,Wednesday,9.6,0.0,0,119,807.67
2025-11-19,University,Wednesday,9.6,0.0,0,81,596.51
2025-11-19,Riverside,Wednesday,9.6,0.0,0,59,426.88
2025-11-20,Downtown,Thursday,6.3,16.9,1,81,609.55
2025-11-20,University,Thursday,6.3,16.9,1,66,486.41
2025-11-20,Riverside,Thursday,6.3,16.9,1,53,381.68
2025-11-21,Downtown,Friday,7.2,0.0,0,105,774.66
2025-11-21,University,Friday,7.2,0.0,0,85,649.03
2025-11-21,Riverside,Friday,7.2,0.0,0,65,482.88
2025-11-22,Downtown,Saturday,6.2,0.0,0,127,968.21
2025-11-22,University,Saturday,6.2,0.0,0,58,421.82
2025-11-22,Riverside,Saturday,6.2,0.0,0,72,569.74
2025-11-23,Downtown,Sunday,8.7,0.0,0,134,1004.13
2025-11-23,University,Sunday,8.7,0.0,0,58,431.09
2025-11-23,Riverside,Sunday,8.7,0.0,0,66,503.59
2025-11-24,Downtown,Monday,9.5,0.0,0,95,712.13
2025-11-24,University,Monday,9.5,0.0,0,80,600.79
2025-11-24,Riverside,Monday,9.5,0.0,0,56,440.18
2025-11-25,Downtown,Tuesday,3.2,2.1,0,98,700.43
2025-11-25,University,Tuesday,3.2,2.1,0,73,554.03
2025-11-25,Riverside,Tuesday,3.2,2.1,0,61,438.45
2025-11-26,Downtown,Wednesday,3.3,0.0,1,102,795.03
2025-11-26,University,Wednesday,3.3,0.0,1,78,578.49
2025-11-26,Riverside,Wednesday,3.3,0.0,1,67,489.94
2025-11-27,Downtown,Thursday,4.2,0.0,0,99,784.27
2025-11-27,University,Thursday,4.2,0.0,0,80,623.74
2025-11-27,Riverside,Thursday,4.2,0.0,0,57,425.36
2025-11-28,Downtown,Friday,3.7,0.0,0,100,767.33
2025-11-28,University,Friday,3.7,0.0,0,79,599.59
2025-11-28,Riverside,Friday,3.7,0.0,0,62,465.23
2025-11-29,Downtown,Saturday,4.5,0.0,0,130,937.32
2025-11-29,University,Saturday,4.5,0.0,0,60,465.94
2025-11-29,Riverside,Saturday,4.5,0.0,0,76,565.4
2025-11-30,Downtown,Sunday,2.7,7.0,1,116,848.12
2025-11-30,University,Sunday,2.7,7.0,1,52,383.98
2025-11-30,Riverside,Sunday,2.7,7.0,1,74,552.05
2025-12-01,Downtown,Monday,9.0,0.0,0,104,776.72
2025-12-01,University,Monday,9.0,0.0,0,99,732.91
2025-12-01,Riverside,Monday,9.0,0.0,0,73,520.91
2025-12-02,Downtown,Tuesday,7.6,0.0,0,137,992.12
2025-12-02,University,Tuesday,7.6,0.0,0,85,671.93
2025-12-02,Riverside,Tuesday,7.6,0.0,0,68,506.24
2025-12-03,Downtown,Wednesday,6.8,0.0,0,106,812.53
2025-12-03,University,Wednesday,6.8,0.0,0,111,798.56
2025-12-03,Riverside,Wednesday,6.8,0.0,0,68,492.4
2025-12-04,Downtown,Thursday,8.8,0.0,0,115,857.45
2025-12-04,University,Thursday,8.8,0.0,0,101,731.72
2025-12-04,Riverside,Thursday,8.8,0.0,0,62,467.63
2025-12-05,Downtown,Friday,5.1,0.0,0,124,870.27
2025-12-05,University,Friday,5.1,0.0,0,89,658.25
2025-12-05,Riverside,Friday,5.1,0.0,0,64,489.06
2025-12-06,Downtown,Saturday,5.8,0.0,0,157,1123.58
2025-12-06,University,Saturday,5.8,0.0,0,65,467.72
2025-12-06,Riverside,Saturday,5.8,0.0,0,92,650.94
2025-12-07,Downtown,Sunday,4.6,14.0,0,124,882.09
2025-12-07,University,Sunday,4.6,14.0,0,50,363.23
2025-12-07,Riverside,Sunday,4.6,14.0,0,74,504.72
2025-12-08,Downtown,Monday,5.7,0.0,0,122,942.1
2025-12-08,University,Monday,5.7,0.0,0,89,610.78
2025-12-08,Riverside,Monday,5.7,0.0,0,70,496.93
2025-12-09,Downtown,Tuesday,7.6,0.0,0,117,836.4
2025-12-09,University,Tuesday,7.6,0.0,0,91,666.05
2025-12-09,Riverside,Tuesday,7.6,0.0,0,72,522.44
2025-12-10,Downtown,Wednesday,6.1,0.0,0,129,914.62
2025-12-10,University,Wednesday,6.1,0.0,0,82,643.65
2025-12-10,Riverside,Wednesday,6.1,0.0,0,66,481.61
2025-12-11,Downtown,Thursday,3.8,0.0,1,134,1003.43
2025-12-11,University,Thursday,3.8,0.0,1,98,744.59
2025-12-11,Riverside,Thursday,3.8,0.0,1,76,540.12
2025-12-12,Downtown,Friday,-0.7,0.0,0,107,810.68
2025-12-12,University,Friday,-0.7,0.0,0,83,633.59
2025-12-12,Riverside,Friday,-0.7,0.0,0,63,493.5
2025-12-13,Downtown,Saturday,5.2,0.0,1,170,1201.32
2025-12-13,University,Saturday,5.2,0.0,1,77,544.2
2025-12-13,Riverside,Saturday,5.2,0.0,1,78,609.61
2025-12-14,Downtown,Sunday,2.0,0.0,0,138,1026.41
2025-12-14,University,Sunday,2.0,0.0,0,70,507.31
2025-12-14,Riverside,Sunday,2.0,0.0,0,90,661.46
2025-12-15,Downtown,Monday,8.8,4.8,0,119,875.45
2025-12-15,University,Monday,8.8,4.8,0,93,693.36
2025-12-15,Riverside,Monday,8.8,4.8,0,58,446.85
2025-12-16,Downtown,Tuesday,7.8,0.0,0,139,953.97
2025-12-16,University,Tuesday,7.8,0.0,0,93,676.57
2025-12-16,Riverside,Tuesday,7.8,0.0,0,63,460.57
2025-12-17,Downtown,Wednesday,8.9,0.0,1,117,941.22
2025-12-17,University,Wednesday,8.9,0.0,1,102,751.08
2025-12-17,Riverside,Wednesday,8.9,0.0,1,77,564.73
2025-12-18,Downtown,Thursday,-0.2,0.6,0,117,853.02
2025-12-18,University,Thursday,-0.2,0.6,0,82,603.56
2025-12-18,Riverside,Thursday,-0.2,0.6,0,67,495.63
2025-12-19,Downtown,Friday,8.2,0.0,0,122,911.33
2025-12-19,University,Friday,8.2,0.0,0,90,717.43
2025-12-19,Riverside,Friday,8.2,0.0,0,71,531.98
2025-12-20,Downtown,Saturday,3.6,0.0,0,135,1018.03
2025-12-20,University,Saturday,3.6,0.0,0,43,323.3
2025-12-20,Riverside,Saturday,3.6,0.0,0,78,602.33
2025-12-21,Downtown,Sunday,2.3,13.1,1,129,974.55
2025-12-21,University,Sunday,2.3,13.1,1,44,313.21
2025-12-21,Riverside,Sunday,2.3,13.1,1,77,571.71
2025-12-22,Downtown,Monday,-0.2,0.0,0,115,891.55
2025-12-22,University,Monday,-0.2,0.0,0,67,484.28
2025-12-22,Riverside,Monday,-0.2,0.0,0,57,445.76
2025-12-23,Downtown,Tuesday,2.7,0.0,0,112,851.92
2025-12-23,University,Tuesday,2.7,0.0,0,64,478.69
2025-12-23,Riverside,Tuesday,2.7,0.0,0,75,533.55
2025-12-24,Downtown,Wednesday,2.9,0.0,0,103,804.55
2025-12-24,University,Wednesday,2.9,0.0,0,66,477.93
2025-12-24,Riverside,Wednesday,2.9,0.0,0,67,493.82
2025-12-26,Downtown,Friday,-0.4,0.0,1,114,843.72
2025-12-26,University,Friday,-0.4,0.0,1,61,466.31
2025-12-26,Riverside,Friday,-0.4,0.0,1,63,454.8
2025-12-27,Downtown,Saturday,2.1,2.2,0,113,834.3
2025-12-27,University,Saturday,2.1,2.2,0,38,258.83
2025-12-27,Riverside,Saturday,2.1,2.2,0,77,577.65
2025-12-28,Downtown,Sunday,-3.1,0.0,0,128,920.06
2025-12-28,University,Sunday,-3.1,0.0,0,38,271.08
2025-12-28,Riverside,Sunday,-3.1,0.0,0,73,539.77
2025-12-29,Downtown,Monday,0.2,4.8,1,99,743.94
2025-12-29,University,Monday,0.2,4.8,1,53,399.51
2025-12-29,Riverside,Monday,0.2,4.8,1,60,451.63
2025-12-30,Downtown,Tuesday,4.6,6.6,0,97,713.57
2025-12-30,University,Tuesday,4.6,6.6,0,56,409.51
2025-12-30,Riverside,Tuesday,4.6,6.6,0,56,424.19
2025-12-31,Downtown,Wednesday,3.1,3.7,0,99,763.34
2025-12-31,University,Wednesday,3.1,3.7,0,61,413.38
2025-12-31,Riverside,Wednesday,3.1,3.7,0,56,441.66
