date,high_temp_f
2025-01-01,39
2025-01-02,29
2025-01-03,33
2025-01-04,32
2025-01-05,30
2025-01-06,22
2025-01-07,32
2025-01-08,31
2025-01-09,35
2025-01-10,39
2025-01-11,40
2025-01-12,38
2025-01-13,41
2025-01-14,42
2025-01-15,43
2025-01-16,34
2025-01-17,34
2025-01-18,32
2025-01-19,48
2025-01-20,41
2025-01-21,46
2025-01-22,35
2025-01-23,35
2025-01-24,30
2025-01-25,34
2025-01-26,44
2025-01-27,38
2025-01-28,42
2025-01-29,44
2025-01-30,45
2025-01-31,42
2025-02-01,40
2025-02-02,40
2025-02-03,41
2025-02-04,41
2025-02-05,44
2025-02-06,42
2025-02-07,44
2025-02-08,44
2025-02-09,37
2025-02-10,34
2025-02-11,39
2025-02-12,42
2025-02-13,47
2025-02-14,34
2025-02-15,40
2025-02-16,30
2025-02-17,34
2025-02-18,26
2025-02-19,39
2025-02-20,36
2025-02-21,49
2025-02-22,47
2025-02-23,50
2025-02-24,50
2025-02-25,56
2025-02-26,51
2025-02-27,43
2025-02-28,38
2025-03-01,37
2025-03-02,40
2025-03-03,44
2025-03-04,44
2025-03-05,45
2025-03-06,53
2025-03-07,42
2025-03-08,42
2025-03-09,49
2025-03-10,43
2025-03-11,50
2025-03-12,47
2025-03-13,45
2025-03-14,46
2025-03-15,48
2025-03-16,47
2025-03-17,55
2025-03-18,52
2025-03-19,57
2025-03-20,59
2025-03-21,55
2025-03-22,60
2025-03-23,65
2025-03-24,63
2025-03-25,63
2025-03-26,51
2025-03-27,55
2025-03-28,60
2025-03-29,66
2025-03-30,60
2025-03-31,59
2025-04-01,63
2025-04-02,57
2025-04-03,60
2025-04-04,46
2025-04-05,53
2025-04-06,48
2025-04-07,44
2025-04-08,49
2025-04-09,50
2025-04-10,54
2025-04-11,45
2025-04-12,46
2025-04-13,60
2025-04-14,60
2025-04-15,56
2025-04-16,61
2025-04-17,60
2025-04-18,65
2025-04-19,62
2025-04-20,71
2025-04-21,69
2025-04-22,69
2025-04-23,59
2025-04-24,57
2025-04-25,65
2025-04-26,61
2025-04-27,67
2025-04-28,59
2025-04-29,62
2025-04-30,68
2025-05-01,68
2025-05-02,66
2025-05-03,71
2025-05-04,78
2025-05-05,76
2025-05-06,81
2025-05-07,81
2025-05-08,74
2025-05-09,74
2025-05-10,79
2025-05-11,71
2025-05-12,66
2025-05-13,66
2025-05-14,58
2025-05-15,63
2025-05-16,70
2025-05-17,72
2025-05-18,65
2025-05-19,58
2025-05-20,66
2025-05-21,72
2025-05-22,79
2025-05-23,76
2025-05-24,68
2025-05-25,72
2025-05-26,69
2025-05-27,64
2025-05-28,74
2025-05-29,67
2025-05-30,75
2025-05-31,71
2025-06-01,76
2025-06-02,79
2025-06-03,82
2025-06-04,78
2025-06-05,82
2025-06-06,73
2025-06-07,66
2025-06-08,67
2025-06-09,74
2025-06-10,78
2025-06-11,80
2025-06-12,82
2025-06-13,77
2025-06-14,81
2025-06-15,76
2025-06-16,72
2025-06-17,77
2025-06-18,75
2025-06-19,71
2025-06-20,74
2025-06-21,80
2025-06-22,79
2025-06-23,76
2025-06-24,78
2025-06-25,86
2025-06-26,80
2025-06-27,83
2025-06-28,79
2025-06-29,79
2025-06-30,84
2025-07-01,82
2025-07-02,84
2025-07-03,83
2025-07-04,84
2025-07-05,86
2025-07-06,92
2025-07-07,82
2025-07-08,79
2025-07-09,82
2025-07-10,97
2025-07-11,94
2025-07-12,98
2025-07-13,86
2025-07-14,84
2025-07-15,92
2025-07-16,96
2025-07-17,92
2025-07-18,90
2025-07-19,89
2025-07-20,92
2025-07-21,92
2025-07-22,90
2025-07-23,92
2025-07-24,103
2025-07-25,91
2025-07-26,86
2025-07-27,83
2025-07-28,83
2025-07-29,81
2025-07-30,72
2025-07-31,79
2025-08-01,78
2025-08-02,72
2025-08-03,70
2025-08-04,70
2025-08-05,69
2025-08-06,72
2025-08-07,82
2025-08-08,83
2025-08-09,81
2025-08-10,88
2025-08-11,83
2025-08-12,80
2025-08-13,77
2025-08-14,77
2025-08-15,81
2025-08-16,74
2025-08-17,73
2025-08-18,86
2025-08-19,79
2025-08-20,81
2025-08-21,79
2025-08-22,79
2025-08-23,78
2025-08-24,75
2025-08-25,77
2025-08-26,78
2025-08-27,82
2025-08-28,91
2025-08-29,84
2025-08-30,89
2025-08-31,91
2025-09-01,87
2025-09-02,77
2025-09-03,78
2025-09-04,70
2025-09-05,71
2025-09-06,69
2025-09-07,75
2025-09-08,75
2025-09-09,66
2025-09-10,71
2025-09-11,76
2025-09-12,66
2025-09-13,72
2025-09-14,62
2025-09-15,63
2025-09-16,66
2025-09-17,69
2025-09-18,69
2025-09-19,76
2025-09-20,77
2025-09-21,75
2025-09-22,75
2025-09-23,68
2025-09-24,68
2025-09-25,67
2025-09-26,74
2025-09-27,70
2025-09-28,72
2025-09-29,68
2025-09-30,62
2025-10-01,66
2025-10-02,68
2025-10-03,66
2025-10-04,54
2025-10-05,54
2025-10-06,64
2025-10-07,67
2025-10-08,69
2025-10-09,69
2025-10-10,67
2025-10-11,66
2025-10-12,70
2025-10-13,62
2025-10-14,68
2025-10-15,67
2025-10-16,60
2025-10-17,61
2025-10-18,63
2025-10-19,61
2025-10-20,57
2025-10-21,52
2025-10-22,49
2025-10-23,51
2025-10-24,49
2025-10-25,57
2025-10-26,58
2025-10-27,50
2025-10-28,54
2025-10-29,56
2025-10-30,56
2025-10-31,57
2025-11-01,60
2025-11-02,60
2025-11-03,62
2025-11-04,62
2025-11-05,62
2025-11-06,60
2025-11-07,55
2025-11-08,55
2025-11-09,55
2025-11-10,47
2025-11-11,44
2025-11-12,40
2025-11-13,40
2025-11-14,47
2025-11-15,49
2025-11-16,45
2025-11-17,46
2025-11-18,47
2025-11-19,45
2025-11-20,42
2025-11-21,43
2025-11-22,47
2025-11-23,47
2025-11-24,49
2025-11-25,55
2025-11-26,55
2025-11-27,56
2025-11-28,48
2025-11-29,54
2025-11-30,50
2025-12-01,49
2025-12-02,36
2025-12-03,36
2025-12-04,40
2025-12-05,37
2025-12-06,38
2025-12-07,37
2025-12-08,46
2025-12-09,42
2025-12-10,38
2025-12-11,41
2025-12-12,37
2025-12-13,44
2025-12-14,38
2025-12-15,40
2025-12-16,37
2025-12-17,39
2025-12-18,44
2025-12-19,40
2025-12-20,47
2025-12-21,51
2025-12-22,46
2025-12-23,45
2025-12-24,39
2025-12-25,47
2025-12-26,53
2025-12-27,50
2025-12-28,52
2025-12-29,48
2025-12-30,43
2025-12-31,47
